matchId,playerId,playerName,club,minutes,goals,assists,yellow,red,points
Real Madrid_vs_Arsenal FC,7018,Arda Güler,Real Madrid,0,0,1,0,0,2
Real Madrid_vs_Arsenal FC,7023,Kylian Mbappé,Real Madrid,18,1,0,0,0,5
Real Madrid_vs_Arsenal FC,1013,Declan Rice,Arsenal FC,56,0,1,0,0,3
Real Madrid_vs_Arsenal FC,1012,Christian Nørgaard,Arsenal FC,87,1,0,0,0,5
Real Madrid_vs_Arsenal FC,1004,Gabriel Magalhães,Arsenal FC,0,1,0,0,0,4
Real Madrid_vs_Arsenal FC,1020,Bukayo Saka,Arsenal FC,60,0,1,0,0,3
Real Madrid_vs_Arsenal FC,1013,Declan Rice,Arsenal FC,0,1,0,0,0,4
Real Madrid_vs_Arsenal FC,7001,Thibaut Courtois,Real Madrid,34,0,0,0,0,1
Real Madrid_vs_Arsenal FC,7002,Andriy Lunin,Real Madrid,0,0,0,0,0,0
Real Madrid_vs_Arsenal FC,7003,Dean Huijsen,Real Madrid,90,0,0,0,0,2
Real Madrid_vs_Arsenal FC,7004,Éder Militão,Real Madrid,4,0,0,0,0,1
Real Madrid_vs_Arsenal FC,7005,Raúl Asencio,Real Madrid,48,0,0,0,0,1
Real Madrid_vs_Arsenal FC,7006,Antonio Rüdiger,Real Madrid,90,0,0,0,0,2
Real Madrid_vs_Arsenal FC,7007,David Alaba,Real Madrid,0,0,0,0,0,0
Real Madrid_vs_Arsenal FC,7008,Álvaro Carreras,Real Madrid,3,0,0,0,0,1
Real Madrid_vs_Arsenal FC,7009,Fran García,Real Madrid,0,0,0,0,0,0
Real Madrid_vs_Arsenal FC,7010,Ferland Mendy,Real Madrid,0,0,0,0,0,0
Real Madrid_vs_Arsenal FC,7011,Trent Alexander-Arnold,Real Madrid,0,0,0,0,0,0
Real Madrid_vs_Arsenal FC,7012,Daniel Carvajal,Real Madrid,90,0,0,0,0,2
Real Madrid_vs_Arsenal FC,7013,Aurélien Tchouaméni,Real Madrid,90,0,0,0,0,2
Real Madrid_vs_Arsenal FC,7014,Federico Valverde,Real Madrid,80,0,0,0,0,1
Real Madrid_vs_Arsenal FC,7015,Eduardo Camavinga,Real Madrid,0,0,0,0,0,0
Real Madrid_vs_Arsenal FC,7016,Dani Ceballos,Real Madrid,0,0,0,0,0,0
Real Madrid_vs_Arsenal FC,7017,Jude Bellingham,Real Madrid,90,0,0,0,0,2
Real Madrid_vs_Arsenal FC,7019,Vinicius Junior,Real Madrid,0,0,0,0,0,0
Real Madrid_vs_Arsenal FC,7020,Rodrygo,Real Madrid,29,0,0,0,0,1
Real Madrid_vs_Arsenal FC,7021,Franco Mastantuono,Real Madrid,0,0,0,0,0,0
Real Madrid_vs_Arsenal FC,7022,Brahim Díaz,Real Madrid,0,0,0,0,0,0
Real Madrid_vs_Arsenal FC,7024,Endrick,Real Madrid,0,0,0,0,0,0
Real Madrid_vs_Arsenal FC,7025,Gonzalo García,Real Madrid,29,0,0,0,0,1
Real Madrid_vs_Arsenal FC,1024,Kai Havertz,Arsenal FC,62,0,0,0,0,1
Real Madrid_vs_Arsenal FC,1025,Gabriel Jesus,Arsenal FC,0,0,0,0,0,0
Real Madrid_vs_Arsenal FC,1001,David Raya,Arsenal FC,42,0,0,0,0,1
Real Madrid_vs_Arsenal FC,1002,Kepa Arrizabalaga,Arsenal FC,90,0,0,0,0,2
Real Madrid_vs_Arsenal FC,1003,William Saliba,Arsenal FC,90,0,0,0,0,2
Real Madrid_vs_Arsenal FC,1005,Piero Hincapié,Arsenal FC,89,0,0,0,0,1
Real Madrid_vs_Arsenal FC,1006,Cristhian Mosquera,Arsenal FC,0,0,0,0,0,0
Real Madrid_vs_Arsenal FC,1007,Myles Lewis-Skelly,Arsenal FC,18,0,0,0,0,1
Real Madrid_vs_Arsenal FC,1008,Riccardo Calafiori,Arsenal FC,56,0,0,0,0,1
Real Madrid_vs_Arsenal FC,1009,Jurriën Timber,Arsenal FC,57,0,0,0,0,1
Real Madrid_vs_Arsenal FC,1010,Ben White,Arsenal FC,88,0,0,0,0,1
Real Madrid_vs_Arsenal FC,1011,Martín Zubimendi,Arsenal FC,51,0,0,0,0,1
Real Madrid_vs_Arsenal FC,1014,Mikel Merino,Arsenal FC,90,0,0,0,0,2
Real Madrid_vs_Arsenal FC,1015,Martin Ødegaard,Arsenal FC,23,0,0,0,0,1
Real Madrid_vs_Arsenal FC,1016,Eberechi Eze,Arsenal FC,68,0,0,0,0,1
Real Madrid_vs_Arsenal FC,1017,Ethan Nwaneri,Arsenal FC,90,0,0,0,0,2
Real Madrid_vs_Arsenal FC,1018,Gabriel Martinelli,Arsenal FC,0,0,0,0,0,0
Real Madrid_vs_Arsenal FC,1019,Leandro Trossard,Arsenal FC,0,0,0,0,0,0
Real Madrid_vs_Arsenal FC,1021,Noni Madueke,Arsenal FC,0,0,0,0,0,0
Real Madrid_vs_Arsenal FC,1022,Max Dowman,Arsenal FC,0,0,0,0,0,0
Real Madrid_vs_Arsenal FC,1023,Viktor Gyökeres,Arsenal FC,36,0,0,0,0,1
FC Barcelona_vs_AS Monaco,6006,Eric García,FC Barcelona,0,1,0,0,0,4
FC Barcelona_vs_AS Monaco,6012,Marc Bernal,FC Barcelona,9,0,1,0,0,3
FC Barcelona_vs_AS Monaco,6002,Marc-André ter Stegen,FC Barcelona,87,1,0,0,0,5
FC Barcelona_vs_AS Monaco,19019,Stanis Idumbo,AS Monaco,80,0,1,0,0,3
FC Barcelona_vs_AS Monaco,19026,Folarin Balogun,AS Monaco,0,1,0,0,0,4
FC Barcelona_vs_AS Monaco,6001,Joan García,FC Barcelona,0,0,0,0,0,0
FC Barcelona_vs_AS Monaco,6003,Wojciech Szczesny,FC Barcelona,44,0,0,0,1,-2
FC Barcelona_vs_AS Monaco,6004,Pau Cubarsí,FC Barcelona,90,0,0,0,0,2
FC Barcelona_vs_AS Monaco,6005,Ronald Araujo,FC Barcelona,0,0,0,0,0,0
FC Barcelona_vs_AS Monaco,6007,Andreas Christensen,FC Barcelona,90,0,0,0,0,2
FC Barcelona_vs_AS Monaco,6008,Alejandro Balde,FC Barcelona,80,0,0,0,0,1
FC Barcelona_vs_AS Monaco,6009,Gerard Martín,FC Barcelona,0,0,0,0,0,0
FC Barcelona_vs_AS Monaco,6010,Jules Koundé,FC Barcelona,2,0,0,1,0,0
FC Barcelona_vs_AS Monaco,6011,Marc Casadó,FC Barcelona,28,0,0,0,0,1
FC Barcelona_vs_AS Monaco,6013,Pedri,FC Barcelona,59,0,0,0,0,1
FC Barcelona_vs_AS Monaco,6014,Frenkie de Jong,FC Barcelona,79,0,0,0,0,1
FC Barcelona_vs_AS Monaco,6015,Gavi,FC Barcelona,0,0,0,0,0,0
FC Barcelona_vs_AS Monaco,6016,Fermín López,FC Barcelona,90,0,0,1,0,1
FC Barcelona_vs_AS Monaco,6017,Dani Olmo,FC Barcelona,90,0,0,0,0,2
FC Barcelona_vs_AS Monaco,6018,Dro Fernández,FC Barcelona,0,0,0,0,0,0
FC Barcelona_vs_AS Monaco,6019,Raphinha,FC Barcelona,0,0,0,0,0,0
FC Barcelona_vs_AS Monaco,6020,Marcus Rashford,FC Barcelona,0,0,0,0,0,0
FC Barcelona_vs_AS Monaco,6021,Lamine Yamal,FC Barcelona,0,0,0,0,0,0
FC Barcelona_vs_AS Monaco,6022,Roony Bardghji,FC Barcelona,0,0,0,0,0,0
FC Barcelona_vs_AS Monaco,6023,Ferran Torres,FC Barcelona,0,0,0,0,0,0
FC Barcelona_vs_AS Monaco,6024,Robert Lewandowski,FC Barcelona,30,0,0,0,1,-2
FC Barcelona_vs_AS Monaco,19001,Philipp Köhn,AS Monaco,20,0,0,0,0,1
FC Barcelona_vs_AS Monaco,19002,Lukas Hradecky,AS Monaco,19,0,0,0,0,1
FC Barcelona_vs_AS Monaco,19003,Jules Stawiecki,AS Monaco,0,0,0,0,0,0
FC Barcelona_vs_AS Monaco,19004,Yann Lienard,AS Monaco,66,0,0,0,0,1
FC Barcelona_vs_AS Monaco,19005,Thilo Kehrer,AS Monaco,0,0,0,0,0,0
FC Barcelona_vs_AS Monaco,19006,Christian Mawissa,AS Monaco,27,0,0,0,0,1
FC Barcelona_vs_AS Monaco,19007,Mohammed Salisu,AS Monaco,90,0,0,0,0,2
FC Barcelona_vs_AS Monaco,19008,Eric Dier,AS Monaco,90,0,0,0,0,2
FC Barcelona_vs_AS Monaco,19009,Caio Henrique,AS Monaco,71,0,0,0,0,1
FC Barcelona_vs_AS Monaco,19010,Kassoum Ouattara,AS Monaco,61,0,0,0,0,1
FC Barcelona_vs_AS Monaco,19011,Vanderson,AS Monaco,90,0,0,0,0,2
FC Barcelona_vs_AS Monaco,19012,Jordan Teze,AS Monaco,13,0,0,0,0,1
FC Barcelona_vs_AS Monaco,19013,Denis Zakaria,AS Monaco,0,0,0,0,0,0
FC Barcelona_vs_AS Monaco,19014,Aladji Bamba,AS Monaco,0,0,0,0,0,0
FC Barcelona_vs_AS Monaco,19015,Lamine Camara,AS Monaco,56,0,0,0,0,1
FC Barcelona_vs_AS Monaco,19016,Paul Pogba,AS Monaco,36,0,0,0,0,1
FC Barcelona_vs_AS Monaco,19017,Mamadou Coulibaly,AS Monaco,75,0,0,0,0,1
FC Barcelona_vs_AS Monaco,19018,Aleksandr Golovin,AS Monaco,33,0,0,0,0,1
FC Barcelona_vs_AS Monaco,19020,Takumi Minamino,AS Monaco,0,0,0,0,0,0
FC Barcelona_vs_AS Monaco,19021,Ansu Fati,AS Monaco,0,0,0,0,0,0
FC Barcelona_vs_AS Monaco,19022,Lucas Michal,AS Monaco,25,0,0,0,0,1
FC Barcelona_vs_AS Monaco,19023,Maghnes Akliouche,AS Monaco,40,0,0,1,0,0
FC Barcelona_vs_AS Monaco,19024,Krépin Diatta,AS Monaco,87,0,0,0,0,1
FC Barcelona_vs_AS Monaco,19025,Mika Biereth,AS Monaco,90,0,0,0,0,2
FC Barcelona_vs_AS Monaco,19027,George Ilenikhena,AS Monaco,0,0,0,0,0,0
FC Barcelona_vs_AS Monaco,19028,Paris Brunner,AS Monaco,0,0,0,0,0,0
Juventus_vs_Bayern Munich,13018,Teun Koopmeiners,Juventus,4,0,1,0,0,3
Juventus_vs_Bayern Munich,13014,Fabio Miretti,Juventus,0,1,0,0,0,4
Juventus_vs_Bayern Munich,13022,Edon Zhegrova,Juventus,0,1,0,0,0,4
Juventus_vs_Bayern Munich,13025,Dušan Vlahović,Juventus,20,1,0,0,0,5
Juventus_vs_Bayern Munich,14019,Lennart Karl,Bayern Munich,0,0,1,0,0,2
Juventus_vs_Bayern Munich,14025,Nicolas Jackson,Bayern Munich,48,1,0,0,0,5
Juventus_vs_Bayern Munich,13001,Michele Di Gregorio,Juventus,2,0,0,0,1,-2
Juventus_vs_Bayern Munich,13002,Mattia Perin,Juventus,0,0,0,0,0,0
Juventus_vs_Bayern Munich,13003,Carlo Pinsoglio,Juventus,0,0,0,0,0,0
Juventus_vs_Bayern Munich,13004,Bremer,Juventus,2,0,0,0,0,1
Juventus_vs_Bayern Munich,13005,Pierre Kalulu,Juventus,90,0,0,0,0,2
Juventus_vs_Bayern Munich,13006,Federico Gatti,Juventus,29,0,0,1,0,0
Juventus_vs_Bayern Munich,13007,Lloyd Kelly,Juventus,51,0,0,0,0,1
Juventus_vs_Bayern Munich,13008,Daniele Rugani,Juventus,40,0,0,0,0,1
Juventus_vs_Bayern Munich,13009,Juan Cabal,Juventus,77,0,0,1,0,0
Juventus_vs_Bayern Munich,13010,Jonas Rouhi,Juventus,90,0,0,0,0,2
Juventus_vs_Bayern Munich,13011,Manuel Locatelli,Juventus,0,0,0,0,0,0
Juventus_vs_Bayern Munich,13012,Khéphren Thuram,Juventus,34,0,0,0,0,1
Juventus_vs_Bayern Munich,13013,Weston McKennie,Juventus,3,0,0,0,0,1
Juventus_vs_Bayern Munich,13015,João Mário,Juventus,90,0,0,0,0,2
Juventus_vs_Bayern Munich,13016,Andrea Cambiaso,Juventus,0,0,0,0,0,0
Juventus_vs_Bayern Munich,13017,Filip Kostić,Juventus,0,0,0,0,0,0
Juventus_vs_Bayern Munich,13019,Vasilije Adžić,Juventus,90,0,0,0,0,2
Juventus_vs_Bayern Munich,13020,Kenan Yıldız,Juventus,0,0,0,0,0,0
Juventus_vs_Bayern Munich,13021,Francisco Conceição,Juventus,0,0,0,0,0,0
Juventus_vs_Bayern Munich,13023,Loïs Openda,Juventus,19,0,0,0,0,1
Juventus_vs_Bayern Munich,13024,Jonathan David,Juventus,0,0,0,0,0,0
Juventus_vs_Bayern Munich,13026,Arkadiusz Milik,Juventus,0,0,0,0,0,0
Juventus_vs_Bayern Munich,14001,Jonas Urbig,Bayern Munich,86,0,0,0,0,1
Juventus_vs_Bayern Munich,14002,Manuel Neuer,Bayern Munich,18,0,0,0,0,1
Juventus_vs_Bayern Munich,14003,Sven Ulreich,Bayern Munich,55,0,0,1,0,0
Juventus_vs_Bayern Munich,14004,Leon Klanac,Bayern Munich,31,0,0,0,0,1
Juventus_vs_Bayern Munich,14005,Dayot Upamecano,Bayern Munich,90,0,0,0,0,2
Juventus_vs_Bayern Munich,14006,Min-jae Kim,Bayern Munich,90,0,0,0,0,2
Juventus_vs_Bayern Munich,14007,Jonathan Tah,Bayern Munich,0,0,0,0,0,0
Juventus_vs_Bayern Munich,14008,Hiroki Ito,Bayern Munich,77,0,0,0,0,1
Juventus_vs_Bayern Munich,14009,Alphonso Davies,Bayern Munich,5,0,0,0,0,1
Juventus_vs_Bayern Munich,14010,Raphaël Guerreiro,Bayern Munich,8,0,0,0,0,1
Juventus_vs_Bayern Munich,14011,Josip Stanisic,Bayern Munich,35,0,0,1,0,0
Juventus_vs_Bayern Munich,14012,Konrad Laimer,Bayern Munich,0,0,0,0,0,0
Juventus_vs_Bayern Munich,14013,Sacha Boey,Bayern Munich,39,0,0,0,0,1
Juventus_vs_Bayern Munich,14014,Aleksandar Pavlovic,Bayern Munich,90,0,0,0,0,2
Juventus_vs_Bayern Munich,14015,Joshua Kimmich,Bayern Munich,7,0,0,1,0,0
Juventus_vs_Bayern Munich,14016,Tom Bischof,Bayern Munich,69,0,0,0,0,1
Juventus_vs_Bayern Munich,14017,Leon Goretzka,Bayern Munich,55,0,0,0,0,1
Juventus_vs_Bayern Munich,14018,Jamal Musiala,Bayern Munich,0,0,0,0,0,0
Juventus_vs_Bayern Munich,14020,Luis Díaz,Bayern Munich,19,0,0,0,0,1
Juventus_vs_Bayern Munich,14021,Wisdom Mike,Bayern Munich,0,0,0,0,0,0
Juventus_vs_Bayern Munich,14022,Michael Olise,Bayern Munich,0,0,0,0,0,0
Juventus_vs_Bayern Munich,14023,Serge Gnabry,Bayern Munich,73,0,0,0,0,1
Juventus_vs_Bayern Munich,14024,Harry Kane,Bayern Munich,90,0,0,0,0,2
Villarreal CF_vs_Chelsea FC,9001,Luiz Júnior,Villarreal CF,70,0,0,0,0,1
Villarreal CF_vs_Chelsea FC,9002,Diego Conde,Villarreal CF,0,0,0,0,0,0
Villarreal CF_vs_Chelsea FC,9003,Arnau Tenas,Villarreal CF,0,0,0,0,0,0
Villarreal CF_vs_Chelsea FC,9004,Renato Veiga,Villarreal CF,0,0,0,0,0,0
Villarreal CF_vs_Chelsea FC,9005,Logan Costa,Villarreal CF,23,0,0,0,0,1
Villarreal CF_vs_Chelsea FC,9006,Juan Foyth,Villarreal CF,0,0,0,0,0,0
Villarreal CF_vs_Chelsea FC,9007,Rafa Marín,Villarreal CF,2,0,0,0,0,1
Villarreal CF_vs_Chelsea FC,9008,Willy Kambwala,Villarreal CF,0,0,0,0,0,0
Villarreal CF_vs_Chelsea FC,9009,Sergi Cardona,Villarreal CF,12,0,0,0,0,1
Villarreal CF_vs_Chelsea FC,9010,Alfonso Pedraza,Villarreal CF,18,0,0,1,0,0
Villarreal CF_vs_Chelsea FC,9011,Santiago Mouriño,Villarreal CF,0,0,0,0,0,0
Villarreal CF_vs_Chelsea FC,9012,Pau Navarro,Villarreal CF,41,0,0,1,0,0
Villarreal CF_vs_Chelsea FC,9013,Adrià Altimira,Villarreal CF,0,0,0,0,0,0
Villarreal CF_vs_Chelsea FC,9014,Pape Gueye,Villarreal CF,90,0,0,0,0,2
Villarreal CF_vs_Chelsea FC,9015,Thomas Partey,Villarreal CF,64,0,0,0,0,1
Villarreal CF_vs_Chelsea FC,9016,Santi Comesaña,Villarreal CF,90,0,0,0,0,2
Villarreal CF_vs_Chelsea FC,9017,Dani Parejo,Villarreal CF,20,0,0,0,0,1
Villarreal CF_vs_Chelsea FC,9018,Alberto Moleiro,Villarreal CF,90,0,0,0,1,-1
Villarreal CF_vs_Chelsea FC,9019,Manor Solomon,Villarreal CF,0,0,0,0,0,0
Villarreal CF_vs_Chelsea FC,9020,Ilias Akhomach,Villarreal CF,0,0,0,0,0,0
Villarreal CF_vs_Chelsea FC,9021,Tajon Buchanan,Villarreal CF,66,0,0,0,1,-2
Villarreal CF_vs_Chelsea FC,9022,Nicolas Pépé,Villarreal CF,71,0,0,0,0,1
Villarreal CF_vs_Chelsea FC,9023,Georges Mikautadze,Villarreal CF,33,0,0,0,0,1
Villarreal CF_vs_Chelsea FC,9024,Tani Oluwaseyi,Villarreal CF,79,0,0,0,0,1
Villarreal CF_vs_Chelsea FC,9025,Ayoze Pérez,Villarreal CF,0,0,0,0,0,0
Villarreal CF_vs_Chelsea FC,9026,Gerard Moreno,Villarreal CF,54,0,0,0,0,1
Villarreal CF_vs_Chelsea FC,9027,Pau Cabanes,Villarreal CF,90,0,0,1,0,1
Villarreal CF_vs_Chelsea FC,4001,Robert Sánchez,Chelsea FC,0,0,0,0,0,0
Villarreal CF_vs_Chelsea FC,4002,Filip Jørgensen,Chelsea FC,0,0,0,0,0,0
Villarreal CF_vs_Chelsea FC,4003,Gabriel Slonina,Chelsea FC,90,0,0,0,0,2
Villarreal CF_vs_Chelsea FC,4004,Levi Colwill,Chelsea FC,0,0,0,0,0,0
Villarreal CF_vs_Chelsea FC,4005,Trevoh Chalobah,Chelsea FC,34,0,0,0,1,-2
Villarreal CF_vs_Chelsea FC,4006,Wesley Fofana,Chelsea FC,0,0,0,0,0,0
Villarreal CF_vs_Chelsea FC,4007,Tosin Adarabioyo,Chelsea FC,28,0,0,0,0,1
Villarreal CF_vs_Chelsea FC,4008,Benoît Badiashile,Chelsea FC,67,0,0,0,0,1
Villarreal CF_vs_Chelsea FC,4009,Axel Disasi,Chelsea FC,42,0,0,0,0,1
Villarreal CF_vs_Chelsea FC,4010,Josh Acheampong,Chelsea FC,16,0,0,0,0,1
Villarreal CF_vs_Chelsea FC,4011,Marc Cucurella,Chelsea FC,0,0,0,0,0,0
Villarreal CF_vs_Chelsea FC,4012,Jorrel Hato,Chelsea FC,0,0,0,0,0,0
Villarreal CF_vs_Chelsea FC,4013,Reece James,Chelsea FC,87,0,0,0,0,1
Villarreal CF_vs_Chelsea FC,4014,Malo Gusto,Chelsea FC,30,0,0,0,0,1
Villarreal CF_vs_Chelsea FC,4015,Moisés Caicedo,Chelsea FC,0,0,0,0,0,0
Villarreal CF_vs_Chelsea FC,4016,Roméo Lavia,Chelsea FC,50,0,0,0,0,1
Villarreal CF_vs_Chelsea FC,4017,Dário Essugo,Chelsea FC,90,0,0,0,0,2
Villarreal CF_vs_Chelsea FC,4018,Enzo Fernández,Chelsea FC,5,0,0,0,0,1
Villarreal CF_vs_Chelsea FC,4019,Andrey Santos,Chelsea FC,90,0,0,0,0,2
Villarreal CF_vs_Chelsea FC,4020,Cole Palmer,Chelsea FC,0,0,0,0,0,0
Villarreal CF_vs_Chelsea FC,4021,Facundo Buonanotte,Chelsea FC,0,0,0,0,0,0
Villarreal CF_vs_Chelsea FC,4022,Jamie Gittens,Chelsea FC,42,0,0,0,0,1
Villarreal CF_vs_Chelsea FC,4023,Alejandro Garnacho,Chelsea FC,8,0,0,0,0,1
Villarreal CF_vs_Chelsea FC,4024,Tyrique George,Chelsea FC,85,0,0,1,0,0
Villarreal CF_vs_Chelsea FC,4025,Mykhaylo Mudryk,Chelsea FC,57,0,0,0,0,1
Villarreal CF_vs_Chelsea FC,4026,Estêvão,Chelsea FC,30,0,0,0,0,1
Villarreal CF_vs_Chelsea FC,4027,Pedro Neto,Chelsea FC,74,0,0,0,0,1
Villarreal CF_vs_Chelsea FC,4028,Raheem Sterling,Chelsea FC,12,0,0,0,0,1
Villarreal CF_vs_Chelsea FC,4029,João Pedro,Chelsea FC,90,0,0,0,0,2
Villarreal CF_vs_Chelsea FC,4030,Liam Delap,Chelsea FC,60,0,0,0,0,1
Villarreal CF_vs_Chelsea FC,4031,Marc Guiu,Chelsea FC,73,0,0,0,0,1
Manchester City FC_vs_Leverkusen,16017,Claudio Echeverri,Leverkusen,61,0,1,1,0,2
Manchester City FC_vs_Leverkusen,16014,Exequiel Palacios,Leverkusen,0,1,0,0,0,4
Manchester City FC_vs_Leverkusen,2001,Gianluigi Donnarumma,Manchester City FC,0,0,0,0,0,0
Manchester City FC_vs_Leverkusen,2002,James Trafford,Manchester City FC,40,0,0,0,0,1
Manchester City FC_vs_Leverkusen,2003,Stefan Ortega,Manchester City FC,1,0,0,0,0,1
Manchester City FC_vs_Leverkusen,2004,Marcus Bettinelli,Manchester City FC,0,0,0,0,0,0
Manchester City FC_vs_Leverkusen,2005,Josko Gvardiol,Manchester City FC,83,0,0,0,0,1
Manchester City FC_vs_Leverkusen,2006,Rúben Dias,Manchester City FC,40,0,0,0,0,1
Manchester City FC_vs_Leverkusen,2007,Abdukodir Khusanov,Manchester City FC,2,0,0,0,0,1
Manchester City FC_vs_Leverkusen,2008,John Stones,Manchester City FC,88,0,0,0,0,1
Manchester City FC_vs_Leverkusen,2009,Nathan Aké,Manchester City FC,33,0,0,0,0,1
Manchester City FC_vs_Leverkusen,2010,Rayan Aït-Nouri,Manchester City FC,5,0,0,0,0,1
Manchester City FC_vs_Leverkusen,2011,Nico O'Reilly,Manchester City FC,57,0,0,1,0,0
Manchester City FC_vs_Leverkusen,2012,Rico Lewis,Manchester City FC,50,0,0,0,0,1
Manchester City FC_vs_Leverkusen,2013,Matheus Nunes,Manchester City FC,0,0,0,0,0,0
Manchester City FC_vs_Leverkusen,2014,Rodri,Manchester City FC,29,0,0,0,0,1
Manchester City FC_vs_Leverkusen,2015,Nico González,Manchester City FC,0,0,0,0,0,0
Manchester City FC_vs_Leverkusen,2016,Kalvin Phillips,Manchester City FC,90,0,0,0,0,2
Manchester City FC_vs_Leverkusen,2017,Tijjani Reijnders,Manchester City FC,22,0,0,0,0,1
Manchester City FC_vs_Leverkusen,2018,Mateo Kovacic,Manchester City FC,83,0,0,0,0,1
Manchester City FC_vs_Leverkusen,2019,Bernardo Silva,Manchester City FC,56,0,0,0,0,1
Manchester City FC_vs_Leverkusen,2020,Jérémy Doku,Manchester City FC,43,0,0,0,0,1
Manchester City FC_vs_Leverkusen,2021,Savinho,Manchester City FC,90,0,0,0,0,2
Manchester City FC_vs_Leverkusen,2022,Phil Foden,Manchester City FC,0,0,0,0,0,0
Manchester City FC_vs_Leverkusen,2023,Rayan Cherki,Manchester City FC,35,0,0,0,0,1
Manchester City FC_vs_Leverkusen,2024,Oscar Bobb,Manchester City FC,6,0,0,0,0,1
Manchester City FC_vs_Leverkusen,2025,Erling Haaland,Manchester City FC,76,0,0,0,0,1
Manchester City FC_vs_Leverkusen,2026,Omar Marmoush,Manchester City FC,0,0,0,0,0,0
Manchester City FC_vs_Leverkusen,16001,Mark Flekken,Leverkusen,44,0,0,0,0,1
Manchester City FC_vs_Leverkusen,16002,Janis Blaswich,Leverkusen,90,0,0,0,0,2
Manchester City FC_vs_Leverkusen,16003,Niklas Lomb,Leverkusen,0,0,0,0,0,0
Manchester City FC_vs_Leverkusen,16004,Jarell Quansah,Leverkusen,90,0,0,0,0,2
Manchester City FC_vs_Leverkusen,16005,Edmond Tapsoba,Leverkusen,0,0,0,0,0,0
Manchester City FC_vs_Leverkusen,16006,Loïc Badé,Leverkusen,0,0,0,0,0,0
Manchester City FC_vs_Leverkusen,16007,Jeanuël Belocian,Leverkusen,47,0,0,0,0,1
Manchester City FC_vs_Leverkusen,16008,Axel Tape,Leverkusen,12,0,0,0,0,1
Manchester City FC_vs_Leverkusen,16009,Alejandro Grimaldo,Leverkusen,67,0,0,0,0,1
Manchester City FC_vs_Leverkusen,16010,Arthur,Leverkusen,80,0,0,0,0,1
Manchester City FC_vs_Leverkusen,16011,Lucas Vázquez,Leverkusen,0,0,0,0,0,0
Manchester City FC_vs_Leverkusen,16012,Equi Fernández,Leverkusen,74,0,0,0,0,1
Manchester City FC_vs_Leverkusen,16013,Robert Andrich,Leverkusen,0,0,0,0,0,0
Manchester City FC_vs_Leverkusen,16015,Aleix García,Leverkusen,69,0,0,0,0,1
Manchester City FC_vs_Leverkusen,16016,Malik Tillman,Leverkusen,0,0,0,0,0,0
Manchester City FC_vs_Leverkusen,16018,Ibrahim Maza,Leverkusen,60,0,0,0,0,1
Manchester City FC_vs_Leverkusen,16019,Jonas Hofmann,Leverkusen,90,0,0,0,0,2
Manchester City FC_vs_Leverkusen,16020,Eliesse Ben Seghir,Leverkusen,0,0,0,0,0,0
Manchester City FC_vs_Leverkusen,16021,Martin Terrier,Leverkusen,66,0,0,0,0,1
Manchester City FC_vs_Leverkusen,16022,Nathan Tella,Leverkusen,90,0,0,0,0,2
Manchester City FC_vs_Leverkusen,16023,Ernest Poku,Leverkusen,59,0,0,1,0,0
Manchester City FC_vs_Leverkusen,16024,Patrik Schick,Leverkusen,38,0,0,0,0,1
Manchester City FC_vs_Leverkusen,16025,Christian Kofane,Leverkusen,0,0,0,0,0,0
Manchester City FC_vs_Leverkusen,16026,Alejo Sarco,Leverkusen,0,0,0,0,0,0
Borussia Dortmund_vs_Tottenham Hotspur,15021,Yan Couto,Borussia Dortmund,90,1,0,0,0,6
Borussia Dortmund_vs_Tottenham Hotspur,15002,Alexander Meyer,Borussia Dortmund,73,1,0,0,0,5
Borussia Dortmund_vs_Tottenham Hotspur,15015,Salih Özcan,Borussia Dortmund,0,0,1,0,0,2
Borussia Dortmund_vs_Tottenham Hotspur,15024,Karim Adeyemi,Borussia Dortmund,87,1,0,1,0,4
Borussia Dortmund_vs_Tottenham Hotspur,15026,Serhou Guirassy,Borussia Dortmund,51,1,0,0,0,5
Borussia Dortmund_vs_Tottenham Hotspur,15001,Gregor Kobel,Borussia Dortmund,6,0,0,0,0,1
Borussia Dortmund_vs_Tottenham Hotspur,15003,Patrick Drewes,Borussia Dortmund,6,0,0,0,0,1
Borussia Dortmund_vs_Tottenham Hotspur,15004,Silas Ostrzinski,Borussia Dortmund,0,0,0,0,0,0
Borussia Dortmund_vs_Tottenham Hotspur,15005,Nico Schlotterbeck,Borussia Dortmund,0,0,0,0,0,0
Borussia Dortmund_vs_Tottenham Hotspur,15006,Waldemar Anton,Borussia Dortmund,72,0,0,0,0,1
Borussia Dortmund_vs_Tottenham Hotspur,15007,Niklas Süle,Borussia Dortmund,70,0,0,0,1,-2
Borussia Dortmund_vs_Tottenham Hotspur,15008,Aarón Anselmino,Borussia Dortmund,90,0,0,0,0,2
Borussia Dortmund_vs_Tottenham Hotspur,15009,Ramy Bensebaini,Borussia Dortmund,17,0,0,0,0,1
Borussia Dortmund_vs_Tottenham Hotspur,15010,Emre Can,Borussia Dortmund,70,0,0,0,0,1
Borussia Dortmund_vs_Tottenham Hotspur,15011,Filippo Mane,Borussia Dortmund,0,0,0,0,0,0
Borussia Dortmund_vs_Tottenham Hotspur,15012,Daniel Svensson,Borussia Dortmund,0,0,0,0,0,0
Borussia Dortmund_vs_Tottenham Hotspur,15013,Almugera Kabar,Borussia Dortmund,5,0,0,1,0,0
Borussia Dortmund_vs_Tottenham Hotspur,15014,Julian Ryerson,Borussia Dortmund,79,0,0,0,0,1
Borussia Dortmund_vs_Tottenham Hotspur,15016,Felix Nmecha,Borussia Dortmund,78,0,0,0,0,1
Borussia Dortmund_vs_Tottenham Hotspur,15017,Jobe Bellingham,Borussia Dortmund,38,0,0,1,1,-3
Borussia Dortmund_vs_Tottenham Hotspur,15018,Carney Chukwuemeka,Borussia Dortmund,67,0,0,1,0,0
Borussia Dortmund_vs_Tottenham Hotspur,15019,Marcel Sabitzer,Borussia Dortmund,0,0,0,0,0,0
Borussia Dortmund_vs_Tottenham Hotspur,15020,Paskal Groß,Borussia Dortmund,0,0,0,0,0,0
Borussia Dortmund_vs_Tottenham Hotspur,15022,Julian Brandt,Borussia Dortmund,0,0,0,0,0,0
Borussia Dortmund_vs_Tottenham Hotspur,15023,Julien Duranville,Borussia Dortmund,0,0,0,0,0,0
Borussia Dortmund_vs_Tottenham Hotspur,15025,Cole Campbell,Borussia Dortmund,39,0,0,1,0,0
Borussia Dortmund_vs_Tottenham Hotspur,15027,Maximilian Beier,Borussia Dortmund,43,0,0,0,0,1
Borussia Dortmund_vs_Tottenham Hotspur,15028,Fábio Silva,Borussia Dortmund,0,0,0,0,0,0
Borussia Dortmund_vs_Tottenham Hotspur,5001,Guglielmo Vicario,Tottenham Hotspur,76,0,0,1,0,0
Borussia Dortmund_vs_Tottenham Hotspur,5002,Antonín Kinský,Tottenham Hotspur,90,0,0,0,0,2
Borussia Dortmund_vs_Tottenham Hotspur,5003,Brandon Austin,Tottenham Hotspur,13,0,0,0,0,1
Borussia Dortmund_vs_Tottenham Hotspur,5004,Cristian Romero,Tottenham Hotspur,82,0,0,0,0,1
Borussia Dortmund_vs_Tottenham Hotspur,5005,Micky van de Ven,Tottenham Hotspur,0,0,0,0,0,0
Borussia Dortmund_vs_Tottenham Hotspur,5006,Radu Drăgușin,Tottenham Hotspur,2,0,0,0,0,1
Borussia Dortmund_vs_Tottenham Hotspur,5007,Kevin Danso,Tottenham Hotspur,0,0,0,0,0,0
Borussia Dortmund_vs_Tottenham Hotspur,5008,Ben Davies,Tottenham Hotspur,75,0,0,0,0,1
Borussia Dortmund_vs_Tottenham Hotspur,5009,Kota Takai,Tottenham Hotspur,8,0,0,0,0,1
Borussia Dortmund_vs_Tottenham Hotspur,5010,Destiny Udogie,Tottenham Hotspur,9,0,0,0,0,1
Borussia Dortmund_vs_Tottenham Hotspur,5011,Djed Spence,Tottenham Hotspur,0,0,0,0,0,0
Borussia Dortmund_vs_Tottenham Hotspur,5012,Pedro Porro,Tottenham Hotspur,59,0,0,0,0,1
Borussia Dortmund_vs_Tottenham Hotspur,5013,João Palhinha,Tottenham Hotspur,31,0,0,0,0,1
Borussia Dortmund_vs_Tottenham Hotspur,5014,Yves Bissouma,Tottenham Hotspur,66,0,0,1,0,0
Borussia Dortmund_vs_Tottenham Hotspur,5015,Lucas Bergvall,Tottenham Hotspur,0,0,0,0,0,0
Borussia Dortmund_vs_Tottenham Hotspur,5016,Archie Gray,Tottenham Hotspur,0,0,0,0,0,0
Borussia Dortmund_vs_Tottenham Hotspur,5017,Pape Matar Sarr,Tottenham Hotspur,39,0,0,0,0,1
Borussia Dortmund_vs_Tottenham Hotspur,5018,Rodrigo Bentancur,Tottenham Hotspur,0,0,0,0,0,0
Borussia Dortmund_vs_Tottenham Hotspur,5019,Xavi Simons,Tottenham Hotspur,90,0,0,0,0,2
Borussia Dortmund_vs_Tottenham Hotspur,5020,Dejan Kulusevski,Tottenham Hotspur,90,0,0,0,0,2
Borussia Dortmund_vs_Tottenham Hotspur,5021,James Maddison,Tottenham Hotspur,69,0,0,0,0,1
Borussia Dortmund_vs_Tottenham Hotspur,5022,Wilson Odobert,Tottenham Hotspur,54,0,0,0,0,1
Borussia Dortmund_vs_Tottenham Hotspur,5023,Mohammed Kudus,Tottenham Hotspur,0,0,0,0,0,0
Borussia Dortmund_vs_Tottenham Hotspur,5024,Brennan Johnson,Tottenham Hotspur,0,0,0,0,0,0
Borussia Dortmund_vs_Tottenham Hotspur,5025,Dominic Solanke,Tottenham Hotspur,0,0,0,0,0,0
Borussia Dortmund_vs_Tottenham Hotspur,5026,Mathys Tel,Tottenham Hotspur,0,0,0,0,0,0
Borussia Dortmund_vs_Tottenham Hotspur,5027,Randal Kolo Muani,Tottenham Hotspur,14,0,0,0,0,1
Borussia Dortmund_vs_Tottenham Hotspur,5028,Richarlison,Tottenham Hotspur,75,0,0,0,0,1
Borussia Dortmund_vs_Tottenham Hotspur,5029,Dane Scarlett,Tottenham Hotspur,49,0,0,0,0,1
Paris Saint-Germain_vs_Inter Milan,18017,Kang-in Lee,Paris Saint-Germain,11,1,0,0,0,5
Paris Saint-Germain_vs_Inter Milan,10022,Lautaro Martínez,Inter Milan,90,1,0,0,0,6
Paris Saint-Germain_vs_Inter Milan,10017,Petar Sučić,Inter Milan,9,0,1,0,0,3
Paris Saint-Germain_vs_Inter Milan,10010,Federico Dimarco,Inter Milan,0,1,0,0,0,4
Paris Saint-Germain_vs_Inter Milan,10003,Raffaele Di Gennaro,Inter Milan,90,0,1,0,0,4
Paris Saint-Germain_vs_Inter Milan,10006,Manuel Akanji,Inter Milan,0,1,0,0,0,4
Paris Saint-Germain_vs_Inter Milan,18001,Lucas Chevalier,Paris Saint-Germain,0,0,0,0,0,0
Paris Saint-Germain_vs_Inter Milan,18002,Matvey Safonov,Paris Saint-Germain,0,0,0,0,0,0
Paris Saint-Germain_vs_Inter Milan,18003,Renato Marin,Paris Saint-Germain,78,0,0,0,0,1
Paris Saint-Germain_vs_Inter Milan,18004,Willian Pacho,Paris Saint-Germain,6,0,0,0,0,1
Paris Saint-Germain_vs_Inter Milan,18005,Ilya Zabarnyi,Paris Saint-Germain,0,0,0,0,0,0
Paris Saint-Germain_vs_Inter Milan,18006,Marquinhos,Paris Saint-Germain,90,0,0,0,0,2
Paris Saint-Germain_vs_Inter Milan,18007,Lucas Beraldo,Paris Saint-Germain,43,0,0,0,1,-2
Paris Saint-Germain_vs_Inter Milan,18008,Noham Kamara,Paris Saint-Germain,7,0,0,0,0,1
Paris Saint-Germain_vs_Inter Milan,18009,Nuno Mendes,Paris Saint-Germain,90,0,0,0,0,2
Paris Saint-Germain_vs_Inter Milan,18010,Lucas Hernández,Paris Saint-Germain,0,0,0,0,0,0
Paris Saint-Germain_vs_Inter Milan,18011,Achraf Hakimi,Paris Saint-Germain,0,0,0,0,0,0
Paris Saint-Germain_vs_Inter Milan,18012,Vitinha,Paris Saint-Germain,60,0,0,0,0,1
Paris Saint-Germain_vs_Inter Milan,18013,João Neves,Paris Saint-Germain,59,0,0,0,0,1
Paris Saint-Germain_vs_Inter Milan,18014,Warren Zaïre-Emery,Paris Saint-Germain,54,0,0,0,0,1
Paris Saint-Germain_vs_Inter Milan,18015,Fabián Ruiz,Paris Saint-Germain,58,0,0,0,0,1
Paris Saint-Germain_vs_Inter Milan,18016,Senny Mayulu,Paris Saint-Germain,0,0,0,0,0,0
Paris Saint-Germain_vs_Inter Milan,18018,Khvicha Kvaratskhelia,Paris Saint-Germain,0,0,0,0,0,0
Paris Saint-Germain_vs_Inter Milan,18019,Bradley Barcola,Paris Saint-Germain,90,0,0,0,0,2
Paris Saint-Germain_vs_Inter Milan,18020,Quentin Ndjantou,Paris Saint-Germain,90,0,0,0,0,2
Paris Saint-Germain_vs_Inter Milan,18021,Désiré Doué,Paris Saint-Germain,21,0,0,0,0,1
Paris Saint-Germain_vs_Inter Milan,18022,Ibrahim Mbaye,Paris Saint-Germain,0,0,0,0,0,0
Paris Saint-Germain_vs_Inter Milan,18023,Ousmane Dembélé,Paris Saint-Germain,90,0,0,0,0,2
Paris Saint-Germain_vs_Inter Milan,18024,Gonçalo Ramos,Paris Saint-Germain,88,0,0,0,0,1
Paris Saint-Germain_vs_Inter Milan,10001,Josep Martínez,Inter Milan,0,0,0,0,0,0
Paris Saint-Germain_vs_Inter Milan,10002,Yann Sommer,Inter Milan,0,0,0,0,0,0
Paris Saint-Germain_vs_Inter Milan,10004,Alessandro Bastoni,Inter Milan,83,0,0,0,0,1
Paris Saint-Germain_vs_Inter Milan,10005,Yann Bisseck,Inter Milan,0,0,0,0,0,0
Paris Saint-Germain_vs_Inter Milan,10007,Stefan de Vrij,Inter Milan,6,0,0,0,0,1
Paris Saint-Germain_vs_Inter Milan,10008,Tomás Palacios,Inter Milan,0,0,0,0,0,0
Paris Saint-Germain_vs_Inter Milan,10009,Francesco Acerbi,Inter Milan,72,0,0,0,0,1
Paris Saint-Germain_vs_Inter Milan,10011,Carlos Augusto,Inter Milan,90,0,0,0,0,2
Paris Saint-Germain_vs_Inter Milan,10012,Denzel Dumfries,Inter Milan,54,0,0,1,0,0
Paris Saint-Germain_vs_Inter Milan,10013,Matteo Darmian,Inter Milan,90,0,0,0,0,2
Paris Saint-Germain_vs_Inter Milan,10014,Hakan Çalhanoğlu,Inter Milan,0,0,0,0,0,0
Paris Saint-Germain_vs_Inter Milan,10015,Nicolò Barella,Inter Milan,0,0,0,0,0,0
Paris Saint-Germain_vs_Inter Milan,10016,Davide Frattesi,Inter Milan,0,0,0,0,0,0
Paris Saint-Germain_vs_Inter Milan,10018,Andy Diouf,Inter Milan,71,0,0,0,0,1
Paris Saint-Germain_vs_Inter Milan,10019,Piotr Zieliński,Inter Milan,0,0,0,0,0,0
Paris Saint-Germain_vs_Inter Milan,10020,Henrikh Mkhitaryan,Inter Milan,90,0,0,0,0,2
Paris Saint-Germain_vs_Inter Milan,10021,Luis Henrique,Inter Milan,64,0,0,0,0,1
Paris Saint-Germain_vs_Inter Milan,10023,Marcus Thuram,Inter Milan,11,0,0,0,0,1
Paris Saint-Germain_vs_Inter Milan,10024,Pio Esposito,Inter Milan,27,0,0,0,0,1
Paris Saint-Germain_vs_Inter Milan,10025,Ange-Yoan Bonny,Inter Milan,0,0,0,0,0,0
Napoli_vs_Atletico Madrid,12024,Matteo Politano,Napoli,51,1,0,0,0,5
Napoli_vs_Atletico Madrid,8024,Alexander Sørloth,Atletico Madrid,80,0,1,0,0,3
Napoli_vs_Atletico Madrid,8022,Antoine Griezmann,Atletico Madrid,0,1,0,0,0,4
Napoli_vs_Atletico Madrid,8018,Nico González,Atletico Madrid,47,0,1,0,0,3
Napoli_vs_Atletico Madrid,8019,Carlos Martín,Atletico Madrid,60,1,0,0,0,5
Napoli_vs_Atletico Madrid,8022,Antoine Griezmann,Atletico Madrid,0,0,1,0,0,2
Napoli_vs_Atletico Madrid,8007,Matteo Ruggeri,Atletico Madrid,59,1,0,0,0,5
Napoli_vs_Atletico Madrid,12001,Alex Meret,Napoli,0,0,0,0,0,0
Napoli_vs_Atletico Madrid,12002,Vanja Milinković-Savić,Napoli,41,0,0,0,0,1
Napoli_vs_Atletico Madrid,12003,Nikita Contini,Napoli,36,0,0,0,0,1
Napoli_vs_Atletico Madrid,12004,Mathias Ferrante,Napoli,0,0,0,0,0,0
Napoli_vs_Atletico Madrid,12005,Alessandro Buongiorno,Napoli,0,0,0,0,0,0
Napoli_vs_Atletico Madrid,12006,Sam Beukema,Napoli,19,0,0,0,0,1
Napoli_vs_Atletico Madrid,12007,Amir Rrahmani,Napoli,11,0,0,0,0,1
Napoli_vs_Atletico Madrid,12008,Luca Marianucci,Napoli,49,0,0,0,0,1
Napoli_vs_Atletico Madrid,12009,Juan Jesus,Napoli,52,0,0,0,0,1
Napoli_vs_Atletico Madrid,12010,Miguel Gutiérrez,Napoli,29,0,0,0,0,1
Napoli_vs_Atletico Madrid,12011,Mathías Olivera,Napoli,50,0,0,0,0,1
Napoli_vs_Atletico Madrid,12012,Leonardo Spinazzola,Napoli,11,0,0,0,0,1
Napoli_vs_Atletico Madrid,12013,Giovanni Di Lorenzo,Napoli,78,0,0,0,0,1
Napoli_vs_Atletico Madrid,12014,Pasquale Mazzocchi,Napoli,0,0,0,0,0,0
Napoli_vs_Atletico Madrid,12015,Stanislav Lobotka,Napoli,80,0,0,0,0,1
Napoli_vs_Atletico Madrid,12016,Billy Gilmour,Napoli,83,0,0,0,0,1
Napoli_vs_Atletico Madrid,12017,Scott McTominay,Napoli,0,0,0,0,0,0
Napoli_vs_Atletico Madrid,12018,Frank Anguissa,Napoli,7,0,0,0,0,1
Napoli_vs_Atletico Madrid,12019,Kevin De Bruyne,Napoli,18,0,0,0,0,1
Napoli_vs_Atletico Madrid,12020,Eljif Elmas,Napoli,72,0,0,0,1,-2
Napoli_vs_Atletico Madrid,12021,Antonio Vergara,Napoli,12,0,0,0,0,1
Napoli_vs_Atletico Madrid,12022,Noa Lang,Napoli,63,0,0,0,0,1
Napoli_vs_Atletico Madrid,12023,David Neres,Napoli,0,0,0,0,0,0
Napoli_vs_Atletico Madrid,12025,Rasmus Højlund,Napoli,20,0,0,0,0,1
Napoli_vs_Atletico Madrid,12026,Lorenzo Lucca,Napoli,0,0,0,0,0,0
Napoli_vs_Atletico Madrid,12027,Romelu Lukaku,Napoli,0,0,0,0,0,0
Napoli_vs_Atletico Madrid,12028,Giuseppe Ambrosino,Napoli,0,0,0,0,0,0
Napoli_vs_Atletico Madrid,8001,Jan Oblak,Atletico Madrid,49,0,0,0,0,1
Napoli_vs_Atletico Madrid,8002,Juan Musso,Atletico Madrid,90,0,0,0,1,-1
Napoli_vs_Atletico Madrid,8003,Robin Le Normand,Atletico Madrid,0,0,0,0,0,0
Napoli_vs_Atletico Madrid,8004,Dávid Hancko,Atletico Madrid,0,0,0,0,0,0
Napoli_vs_Atletico Madrid,8005,José María Giménez,Atletico Madrid,83,0,0,0,0,1
Napoli_vs_Atletico Madrid,8006,Clément Lenglet,Atletico Madrid,56,0,0,0,0,1
Napoli_vs_Atletico Madrid,8008,Javi Galán,Atletico Madrid,0,0,0,0,0,0
Napoli_vs_Atletico Madrid,8009,Marcos Llorente,Atletico Madrid,39,0,0,0,0,1
Napoli_vs_Atletico Madrid,8010,Nahuel Molina,Atletico Madrid,90,0,0,0,0,2
Napoli_vs_Atletico Madrid,8011,Marc Pubill,Atletico Madrid,60,0,0,0,0,1
Napoli_vs_Atletico Madrid,8012,Johnny Cardoso,Atletico Madrid,24,0,0,0,0,1
Napoli_vs_Atletico Madrid,8013,Pablo Barrios,Atletico Madrid,81,0,0,0,0,1
Napoli_vs_Atletico Madrid,8014,Conor Gallagher,Atletico Madrid,90,0,0,1,0,1
Napoli_vs_Atletico Madrid,8015,Koke,Atletico Madrid,0,0,0,0,0,0
Napoli_vs_Atletico Madrid,8016,Álex Baena,Atletico Madrid,43,0,0,0,0,1
Napoli_vs_Atletico Madrid,8017,Thiago Almada,Atletico Madrid,69,0,0,0,0,1
Napoli_vs_Atletico Madrid,8020,Giuliano Simeone,Atletico Madrid,0,0,0,0,0,0
Napoli_vs_Atletico Madrid,8021,Giacomo Raspadori,Atletico Madrid,5,0,0,0,0,1
Napoli_vs_Atletico Madrid,8023,Julián Alvarez,Atletico Madrid,68,0,0,0,0,1
RB Leipzig_vs_AC Milan,17027,Johan Bakayoko,RB Leipzig,90,1,0,0,0,6
RB Leipzig_vs_AC Milan,11004,Koni De Winter,AC Milan,90,0,1,0,0,4
RB Leipzig_vs_AC Milan,11017,Luka Modrić,AC Milan,43,1,0,0,0,5
RB Leipzig_vs_AC Milan,17001,Maarten Vandevoordt,RB Leipzig,73,0,0,0,0,1
RB Leipzig_vs_AC Milan,17002,Péter Gulácsi,RB Leipzig,0,0,0,0,0,0
RB Leipzig_vs_AC Milan,17003,Leopold Zingerle,RB Leipzig,0,0,0,0,0,0
RB Leipzig_vs_AC Milan,17004,Castello Lukeba,RB Leipzig,44,0,0,0,0,1
RB Leipzig_vs_AC Milan,17005,El Chadaille Bitshiabu,RB Leipzig,0,0,0,0,0,0
RB Leipzig_vs_AC Milan,17006,Willi Orbán,RB Leipzig,0,0,0,0,0,0
RB Leipzig_vs_AC Milan,17007,Lukas Klostermann,RB Leipzig,90,0,0,0,0,2
RB Leipzig_vs_AC Milan,17008,David Raum,RB Leipzig,0,0,0,0,0,0
RB Leipzig_vs_AC Milan,17009,Max Finkgräfe,RB Leipzig,0,0,0,0,0,0
RB Leipzig_vs_AC Milan,17010,Ridle Baku,RB Leipzig,8,0,0,0,0,1
RB Leipzig_vs_AC Milan,17011,Benjamin Henrichs,RB Leipzig,43,0,0,0,0,1
RB Leipzig_vs_AC Milan,17012,Kosta Nedeljkovic,RB Leipzig,54,0,0,0,0,1
RB Leipzig_vs_AC Milan,17013,Ezechiel Banzuzi,RB Leipzig,12,0,0,0,0,1
RB Leipzig_vs_AC Milan,17014,Nicolas Seiwald,RB Leipzig,73,0,0,0,0,1
RB Leipzig_vs_AC Milan,17015,Amadou Haidara,RB Leipzig,90,0,0,1,0,1
RB Leipzig_vs_AC Milan,17016,Assan Ouédraogo,RB Leipzig,90,0,0,1,0,1
RB Leipzig_vs_AC Milan,17017,Xaver Schlager,RB Leipzig,31,0,0,0,0,1
RB Leipzig_vs_AC Milan,17018,Kevin Kampl,RB Leipzig,41,0,0,0,0,1
RB Leipzig_vs_AC Milan,17019,Joyeux Masanka Bungi,RB Leipzig,85,0,0,0,0,1
RB Leipzig_vs_AC Milan,17020,Andrija Maksimovic,RB Leipzig,90,0,0,0,0,2
RB Leipzig_vs_AC Milan,17021,Christoph Baumgartner,RB Leipzig,31,0,0,1,0,0
RB Leipzig_vs_AC Milan,17022,Viggo Gebel,RB Leipzig,9,0,0,0,0,1
RB Leipzig_vs_AC Milan,17023,Antonio Nusa,RB Leipzig,25,0,0,0,0,1
RB Leipzig_vs_AC Milan,17024,Yan Diomande,RB Leipzig,18,0,0,0,0,1
RB Leipzig_vs_AC Milan,17025,Timo Werner,RB Leipzig,46,0,0,0,0,1
RB Leipzig_vs_AC Milan,17026,Tidiam Gomis,RB Leipzig,0,0,0,0,0,0
RB Leipzig_vs_AC Milan,17028,Conrad Harder,RB Leipzig,11,0,0,0,0,1
RB Leipzig_vs_AC Milan,17029,Rômulo,RB Leipzig,69,0,0,0,1,-2
RB Leipzig_vs_AC Milan,11001,Mike Maignan,AC Milan,90,0,0,0,0,2
RB Leipzig_vs_AC Milan,11002,Pietro Terracciano,AC Milan,18,0,0,0,0,1
RB Leipzig_vs_AC Milan,11003,Lorenzo Torriani,AC Milan,74,0,0,0,0,1
RB Leipzig_vs_AC Milan,11005,Fikayo Tomori,AC Milan,0,0,0,0,0,0
RB Leipzig_vs_AC Milan,11006,Strahinja Pavlović,AC Milan,22,0,0,0,0,1
RB Leipzig_vs_AC Milan,11007,Matteo Gabbia,AC Milan,60,0,0,0,0,1
RB Leipzig_vs_AC Milan,11008,David Odogu,AC Milan,0,0,0,0,0,0
RB Leipzig_vs_AC Milan,11009,Pervis Estupiñán,AC Milan,0,0,0,0,0,0
RB Leipzig_vs_AC Milan,11010,Davide Bartesaghi,AC Milan,90,0,0,0,0,2
RB Leipzig_vs_AC Milan,11011,Zachary Athekame,AC Milan,90,0,0,0,0,2
RB Leipzig_vs_AC Milan,11012,Ardon Jashari,AC Milan,0,0,0,0,0,0
RB Leipzig_vs_AC Milan,11013,Youssouf Fofana,AC Milan,56,0,0,0,0,1
RB Leipzig_vs_AC Milan,11014,Samuele Ricci,AC Milan,90,0,0,0,0,2
RB Leipzig_vs_AC Milan,11015,Adrien Rabiot,AC Milan,0,0,0,0,0,0
RB Leipzig_vs_AC Milan,11016,Ruben Loftus-Cheek,AC Milan,0,0,0,0,0,0
RB Leipzig_vs_AC Milan,11018,Alexis Saelemaekers,AC Milan,71,0,0,0,0,1
RB Leipzig_vs_AC Milan,11019,Rafael Leão,AC Milan,0,0,0,0,0,0
RB Leipzig_vs_AC Milan,11020,Christian Pulisic,AC Milan,41,0,0,0,0,1
RB Leipzig_vs_AC Milan,11021,Christopher Nkunku,AC Milan,0,0,0,0,0,0
RB Leipzig_vs_AC Milan,11022,Santiago Gimenez,AC Milan,0,0,0,0,0,0
Liverpool FC_vs_Olympique Marseille,3024,Federico Chiesa,Liverpool FC,0,0,1,0,0,2
Liverpool FC_vs_Olympique Marseille,3015,Wataru Endo,Liverpool FC,35,1,0,0,0,5
Liverpool FC_vs_Olympique Marseille,3013,Ryan Gravenberch,Liverpool FC,90,1,0,0,0,6
Liverpool FC_vs_Olympique Marseille,3022,Rio Ngumoha,Liverpool FC,1,0,1,0,0,3
Liverpool FC_vs_Olympique Marseille,3018,Trey Nyoni,Liverpool FC,0,1,0,0,0,4
Liverpool FC_vs_Olympique Marseille,20010,Emerson,Olympique Marseille,58,1,0,0,0,5
Liverpool FC_vs_Olympique Marseille,20015,Pierre-Emile Højbjerg,Olympique Marseille,65,0,1,0,0,3
Liverpool FC_vs_Olympique Marseille,20014,Arthur Vermeeren,Olympique Marseille,26,1,0,0,0,5
Liverpool FC_vs_Olympique Marseille,20024,Timothy Weah,Olympique Marseille,70,0,1,0,1,0
Liverpool FC_vs_Olympique Marseille,20014,Arthur Vermeeren,Olympique Marseille,0,1,0,0,0,4
Liverpool FC_vs_Olympique Marseille,3001,Giorgi Mamardashvili,Liverpool FC,0,0,0,0,0,0
Liverpool FC_vs_Olympique Marseille,3002,Alisson,Liverpool FC,90,0,0,0,0,2
Liverpool FC_vs_Olympique Marseille,3003,Freddie Woodman,Liverpool FC,0,0,0,0,0,0
Liverpool FC_vs_Olympique Marseille,3004,Ibrahima Konaté,Liverpool FC,0,0,0,0,0,0
Liverpool FC_vs_Olympique Marseille,3005,Giovanni Leoni,Liverpool FC,0,0,0,0,0,0
Liverpool FC_vs_Olympique Marseille,3006,Virgil van Dijk,Liverpool FC,0,0,0,0,0,0
Liverpool FC_vs_Olympique Marseille,3007,Joe Gomez,Liverpool FC,54,0,0,1,0,0
Liverpool FC_vs_Olympique Marseille,3008,Rhys Williams,Liverpool FC,90,0,0,0,0,2
Liverpool FC_vs_Olympique Marseille,3009,Milos Kerkez,Liverpool FC,90,0,0,0,0,2
Liverpool FC_vs_Olympique Marseille,3010,Andrew Robertson,Liverpool FC,34,0,0,0,0,1
Liverpool FC_vs_Olympique Marseille,3011,Jeremie Frimpong,Liverpool FC,18,0,0,0,0,1
Liverpool FC_vs_Olympique Marseille,3012,Conor Bradley,Liverpool FC,0,0,0,0,0,0
Liverpool FC_vs_Olympique Marseille,3014,Stefan Bajcetic,Liverpool FC,27,0,0,0,0,1
Liverpool FC_vs_Olympique Marseille,3016,Alexis Mac Allister,Liverpool FC,0,0,0,0,0,0
Liverpool FC_vs_Olympique Marseille,3017,Curtis Jones,Liverpool FC,90,0,0,0,0,2
Liverpool FC_vs_Olympique Marseille,3019,Florian Wirtz,Liverpool FC,0,0,0,0,0,0
Liverpool FC_vs_Olympique Marseille,3020,Dominik Szoboszlai,Liverpool FC,14,0,0,0,0,1
Liverpool FC_vs_Olympique Marseille,3021,Cody Gakpo,Liverpool FC,0,0,0,0,0,0
Liverpool FC_vs_Olympique Marseille,3023,Mohamed Salah,Liverpool FC,1,0,0,0,0,1
Liverpool FC_vs_Olympique Marseille,3025,Alexander Isak,Liverpool FC,90,0,0,1,0,1
Liverpool FC_vs_Olympique Marseille,3026,Hugo Ekitiké,Liverpool FC,45,0,0,0,0,1
Liverpool FC_vs_Olympique Marseille,20001,Gerónimo Rulli,Olympique Marseille,72,0,0,0,0,1
Liverpool FC_vs_Olympique Marseille,20002,Jeffrey de Lange,Olympique Marseille,90,0,0,0,0,2
Liverpool FC_vs_Olympique Marseille,20003,Rubén Blanco,Olympique Marseille,90,0,0,1,0,1
Liverpool FC_vs_Olympique Marseille,20004,Jelle Van Neck,Olympique Marseille,49,0,0,0,0,1
Liverpool FC_vs_Olympique Marseille,20005,Facundo Medina,Olympique Marseille,0,0,0,0,0,0
Liverpool FC_vs_Olympique Marseille,20006,Leonardo Balerdi,Olympique Marseille,0,0,0,0,0,0
Liverpool FC_vs_Olympique Marseille,20007,Nayef Aguerd,Olympique Marseille,42,0,0,0,0,1
Liverpool FC_vs_Olympique Marseille,20008,Benjamin Pavard,Olympique Marseille,46,0,0,0,0,1
Liverpool FC_vs_Olympique Marseille,20009,CJ Egan-Riley,Olympique Marseille,0,0,0,0,0,0
Liverpool FC_vs_Olympique Marseille,20011,Ulisses Garcia,Olympique Marseille,74,0,0,0,0,1
Liverpool FC_vs_Olympique Marseille,20012,Amir Murillo,Olympique Marseille,84,0,0,0,0,1
Liverpool FC_vs_Olympique Marseille,20013,Pol Lirola,Olympique Marseille,0,0,0,0,0,0
Liverpool FC_vs_Olympique Marseille,20016,Geoffrey Kondogbia,Olympique Marseille,35,0,0,1,0,0
Liverpool FC_vs_Olympique Marseille,20017,Matt O'Riley,Olympique Marseille,25,0,0,0,0,1
Liverpool FC_vs_Olympique Marseille,20018,Bilal Nadir,Olympique Marseille,4,0,0,0,0,1
Liverpool FC_vs_Olympique Marseille,20019,Angel Gomes,Olympique Marseille,0,0,0,0,0,0
Liverpool FC_vs_Olympique Marseille,20020,Darryl Bakola,Olympique Marseille,16,0,0,0,0,1
Liverpool FC_vs_Olympique Marseille,20021,Igor Paixão,Olympique Marseille,0,0,0,0,0,0
Liverpool FC_vs_Olympique Marseille,20022,Hamed Traoré,Olympique Marseille,8,0,0,0,0,1
Liverpool FC_vs_Olympique Marseille,20023,Mason Greenwood,Olympique Marseille,6,0,0,0,0,1
Liverpool FC_vs_Olympique Marseille,20025,Amine Gouiri,Olympique Marseille,63,0,0,0,0,1
Liverpool FC_vs_Olympique Marseille,20026,Neal Maupay,Olympique Marseille,0,0,0,0,0,0
Liverpool FC_vs_Olympique Marseille,20027,Robinio Vaz,Olympique Marseille,69,0,0,0,0,1
Liverpool FC_vs_Olympique Marseille,20028,Pierre-Emerick Aubameyang,Olympique Marseille,0,0,0,0,0,0
RB Leipzig_vs_Napoli,17021,Christoph Baumgartner,RB Leipzig,63,0,1,0,1,0
RB Leipzig_vs_Napoli,17020,Andrija Maksimovic,RB Leipzig,0,1,0,0,0,4
RB Leipzig_vs_Napoli,17025,Timo Werner,RB Leipzig,74,0,1,0,0,3
RB Leipzig_vs_Napoli,17018,Kevin Kampl,RB Leipzig,8,1,0,0,0,5
RB Leipzig_vs_Napoli,12010,Miguel Gutiérrez,Napoli,52,1,0,0,0,5
RB Leipzig_vs_Napoli,12022,Noa Lang,Napoli,90,0,1,0,0,4
RB Leipzig_vs_Napoli,12025,Rasmus Højlund,Napoli,83,1,0,0,0,5
RB Leipzig_vs_Napoli,17001,Maarten Vandevoordt,RB Leipzig,89,0,0,0,0,1
RB Leipzig_vs_Napoli,17002,Péter Gulácsi,RB Leipzig,28,0,0,0,0,1
RB Leipzig_vs_Napoli,17003,Leopold Zingerle,RB Leipzig,43,0,0,0,0,1
RB Leipzig_vs_Napoli,17004,Castello Lukeba,RB Leipzig,87,0,0,0,0,1
RB Leipzig_vs_Napoli,17005,El Chadaille Bitshiabu,RB Leipzig,72,0,0,0,0,1
RB Leipzig_vs_Napoli,17006,Willi Orbán,RB Leipzig,90,0,0,0,0,2
RB Leipzig_vs_Napoli,17007,Lukas Klostermann,RB Leipzig,0,0,0,0,0,0
RB Leipzig_vs_Napoli,17008,David Raum,RB Leipzig,86,0,0,0,0,1
RB Leipzig_vs_Napoli,17009,Max Finkgräfe,RB Leipzig,90,0,0,0,0,2
RB Leipzig_vs_Napoli,17010,Ridle Baku,RB Leipzig,42,0,0,1,0,0
RB Leipzig_vs_Napoli,17011,Benjamin Henrichs,RB Leipzig,26,0,0,0,0,1
RB Leipzig_vs_Napoli,17012,Kosta Nedeljkovic,RB Leipzig,0,0,0,0,0,0
RB Leipzig_vs_Napoli,17013,Ezechiel Banzuzi,RB Leipzig,0,0,0,0,0,0
RB Leipzig_vs_Napoli,17014,Nicolas Seiwald,RB Leipzig,13,0,0,0,0,1
RB Leipzig_vs_Napoli,17015,Amadou Haidara,RB Leipzig,0,0,0,0,0,0
RB Leipzig_vs_Napoli,17016,Assan Ouédraogo,RB Leipzig,0,0,0,0,0,0
RB Leipzig_vs_Napoli,17017,Xaver Schlager,RB Leipzig,90,0,0,0,0,2
RB Leipzig_vs_Napoli,17019,Joyeux Masanka Bungi,RB Leipzig,30,0,0,0,0,1
RB Leipzig_vs_Napoli,17022,Viggo Gebel,RB Leipzig,55,0,0,0,0,1
RB Leipzig_vs_Napoli,17023,Antonio Nusa,RB Leipzig,0,0,0,0,0,0
RB Leipzig_vs_Napoli,17024,Yan Diomande,RB Leipzig,0,0,0,0,0,0
RB Leipzig_vs_Napoli,17026,Tidiam Gomis,RB Leipzig,0,0,0,0,0,0
RB Leipzig_vs_Napoli,17027,Johan Bakayoko,RB Leipzig,6,0,0,1,0,0
RB Leipzig_vs_Napoli,17028,Conrad Harder,RB Leipzig,0,0,0,0,0,0
RB Leipzig_vs_Napoli,17029,Rômulo,RB Leipzig,83,0,0,0,0,1
RB Leipzig_vs_Napoli,12001,Alex Meret,Napoli,64,0,0,0,0,1
RB Leipzig_vs_Napoli,12002,Vanja Milinković-Savić,Napoli,0,0,0,0,0,0
RB Leipzig_vs_Napoli,12003,Nikita Contini,Napoli,0,0,0,0,0,0
RB Leipzig_vs_Napoli,12004,Mathias Ferrante,Napoli,81,0,0,0,0,1
RB Leipzig_vs_Napoli,12005,Alessandro Buongiorno,Napoli,28,0,0,0,0,1
RB Leipzig_vs_Napoli,12006,Sam Beukema,Napoli,90,0,0,0,0,2
RB Leipzig_vs_Napoli,12007,Amir Rrahmani,Napoli,90,0,0,0,0,2
RB Leipzig_vs_Napoli,12008,Luca Marianucci,Napoli,37,0,0,0,0,1
RB Leipzig_vs_Napoli,12009,Juan Jesus,Napoli,90,0,0,0,0,2
RB Leipzig_vs_Napoli,12011,Mathías Olivera,Napoli,48,0,0,0,0,1
RB Leipzig_vs_Napoli,12012,Leonardo Spinazzola,Napoli,90,0,0,0,0,2
RB Leipzig_vs_Napoli,12013,Giovanni Di Lorenzo,Napoli,6,0,0,0,0,1
RB Leipzig_vs_Napoli,12014,Pasquale Mazzocchi,Napoli,33,0,0,0,0,1
RB Leipzig_vs_Napoli,12015,Stanislav Lobotka,Napoli,41,0,0,0,0,1
RB Leipzig_vs_Napoli,12016,Billy Gilmour,Napoli,50,0,0,0,0,1
RB Leipzig_vs_Napoli,12017,Scott McTominay,Napoli,90,0,0,1,0,1
RB Leipzig_vs_Napoli,12018,Frank Anguissa,Napoli,21,0,0,0,0,1
RB Leipzig_vs_Napoli,12019,Kevin De Bruyne,Napoli,90,0,0,0,0,2
RB Leipzig_vs_Napoli,12020,Eljif Elmas,Napoli,42,0,0,0,0,1
RB Leipzig_vs_Napoli,12021,Antonio Vergara,Napoli,56,0,0,0,0,1
RB Leipzig_vs_Napoli,12023,David Neres,Napoli,37,0,0,1,0,0
RB Leipzig_vs_Napoli,12024,Matteo Politano,Napoli,35,0,0,0,0,1
RB Leipzig_vs_Napoli,12026,Lorenzo Lucca,Napoli,0,0,0,0,0,0
RB Leipzig_vs_Napoli,12027,Romelu Lukaku,Napoli,85,0,0,0,0,1
RB Leipzig_vs_Napoli,12028,Giuseppe Ambrosino,Napoli,0,0,0,0,0,0
Chelsea FC_vs_Real Madrid,7019,Vinicius Junior,Real Madrid,44,0,1,0,0,3
Chelsea FC_vs_Real Madrid,7024,Endrick,Real Madrid,70,1,0,0,0,5
Chelsea FC_vs_Real Madrid,7011,Trent Alexander-Arnold,Real Madrid,90,0,1,0,0,4
Chelsea FC_vs_Real Madrid,7024,Endrick,Real Madrid,0,1,0,0,0,4
Chelsea FC_vs_Real Madrid,4001,Robert Sánchez,Chelsea FC,0,0,0,0,0,0
Chelsea FC_vs_Real Madrid,4002,Filip Jørgensen,Chelsea FC,56,0,0,0,0,1
Chelsea FC_vs_Real Madrid,4003,Gabriel Slonina,Chelsea FC,90,0,0,0,0,2
Chelsea FC_vs_Real Madrid,4004,Levi Colwill,Chelsea FC,90,0,0,0,0,2
Chelsea FC_vs_Real Madrid,4005,Trevoh Chalobah,Chelsea FC,48,0,0,0,0,1
Chelsea FC_vs_Real Madrid,4006,Wesley Fofana,Chelsea FC,55,0,0,0,0,1
Chelsea FC_vs_Real Madrid,4007,Tosin Adarabioyo,Chelsea FC,20,0,0,0,0,1
Chelsea FC_vs_Real Madrid,4008,Benoît Badiashile,Chelsea FC,0,0,0,0,0,0
Chelsea FC_vs_Real Madrid,4009,Axel Disasi,Chelsea FC,78,0,0,0,0,1
Chelsea FC_vs_Real Madrid,4010,Josh Acheampong,Chelsea FC,51,0,0,0,0,1
Chelsea FC_vs_Real Madrid,4011,Marc Cucurella,Chelsea FC,35,0,0,0,0,1
Chelsea FC_vs_Real Madrid,4012,Jorrel Hato,Chelsea FC,38,0,0,0,0,1
Chelsea FC_vs_Real Madrid,4013,Reece James,Chelsea FC,0,0,0,0,0,0
Chelsea FC_vs_Real Madrid,4014,Malo Gusto,Chelsea FC,8,0,0,0,0,1
Chelsea FC_vs_Real Madrid,4015,Moisés Caicedo,Chelsea FC,0,0,0,0,0,0
Chelsea FC_vs_Real Madrid,4016,Roméo Lavia,Chelsea FC,57,0,0,0,0,1
Chelsea FC_vs_Real Madrid,4017,Dário Essugo,Chelsea FC,63,0,0,0,0,1
Chelsea FC_vs_Real Madrid,4018,Enzo Fernández,Chelsea FC,90,0,0,0,0,2
Chelsea FC_vs_Real Madrid,4019,Andrey Santos,Chelsea FC,79,0,0,1,0,0
Chelsea FC_vs_Real Madrid,4020,Cole Palmer,Chelsea FC,90,0,0,0,0,2
Chelsea FC_vs_Real Madrid,4021,Facundo Buonanotte,Chelsea FC,90,0,0,0,0,2
Chelsea FC_vs_Real Madrid,4022,Jamie Gittens,Chelsea FC,57,0,0,0,0,1
Chelsea FC_vs_Real Madrid,4023,Alejandro Garnacho,Chelsea FC,46,0,0,0,0,1
Chelsea FC_vs_Real Madrid,4024,Tyrique George,Chelsea FC,5,0,0,0,0,1
Chelsea FC_vs_Real Madrid,4025,Mykhaylo Mudryk,Chelsea FC,77,0,0,0,0,1
Chelsea FC_vs_Real Madrid,4026,Estêvão,Chelsea FC,40,0,0,0,0,1
Chelsea FC_vs_Real Madrid,4027,Pedro Neto,Chelsea FC,90,0,0,0,0,2
Chelsea FC_vs_Real Madrid,4028,Raheem Sterling,Chelsea FC,90,0,0,1,0,1
Chelsea FC_vs_Real Madrid,4029,João Pedro,Chelsea FC,55,0,0,0,0,1
Chelsea FC_vs_Real Madrid,4030,Liam Delap,Chelsea FC,73,0,0,0,0,1
Chelsea FC_vs_Real Madrid,4031,Marc Guiu,Chelsea FC,0,0,0,0,0,0
Chelsea FC_vs_Real Madrid,7001,Thibaut Courtois,Real Madrid,90,0,0,0,0,2
Chelsea FC_vs_Real Madrid,7002,Andriy Lunin,Real Madrid,36,0,0,0,0,1
Chelsea FC_vs_Real Madrid,7003,Dean Huijsen,Real Madrid,0,0,0,0,0,0
Chelsea FC_vs_Real Madrid,7004,Éder Militão,Real Madrid,39,0,0,0,0,1
Chelsea FC_vs_Real Madrid,7005,Raúl Asencio,Real Madrid,53,0,0,0,0,1
Chelsea FC_vs_Real Madrid,7006,Antonio Rüdiger,Real Madrid,66,0,0,0,0,1
Chelsea FC_vs_Real Madrid,7007,David Alaba,Real Madrid,88,0,0,0,0,1
Chelsea FC_vs_Real Madrid,7008,Álvaro Carreras,Real Madrid,12,0,0,0,0,1
Chelsea FC_vs_Real Madrid,7009,Fran García,Real Madrid,81,0,0,0,0,1
Chelsea FC_vs_Real Madrid,7010,Ferland Mendy,Real Madrid,90,0,0,0,0,2
Chelsea FC_vs_Real Madrid,7012,Daniel Carvajal,Real Madrid,0,0,0,0,0,0
Chelsea FC_vs_Real Madrid,7013,Aurélien Tchouaméni,Real Madrid,47,0,0,0,0,1
Chelsea FC_vs_Real Madrid,7014,Federico Valverde,Real Madrid,61,0,0,0,0,1
Chelsea FC_vs_Real Madrid,7015,Eduardo Camavinga,Real Madrid,90,0,0,0,0,2
Chelsea FC_vs_Real Madrid,7016,Dani Ceballos,Real Madrid,67,0,0,0,0,1
Chelsea FC_vs_Real Madrid,7017,Jude Bellingham,Real Madrid,66,0,0,0,0,1
Chelsea FC_vs_Real Madrid,7018,Arda Güler,Real Madrid,0,0,0,0,0,0
Chelsea FC_vs_Real Madrid,7020,Rodrygo,Real Madrid,0,0,0,0,0,0
Chelsea FC_vs_Real Madrid,7021,Franco Mastantuono,Real Madrid,48,0,0,0,0,1
Chelsea FC_vs_Real Madrid,7022,Brahim Díaz,Real Madrid,71,0,0,0,0,1
Chelsea FC_vs_Real Madrid,7023,Kylian Mbappé,Real Madrid,7,0,0,0,0,1
Chelsea FC_vs_Real Madrid,7025,Gonzalo García,Real Madrid,39,0,0,0,0,1
AS Monaco_vs_Leverkusen,19019,Stanis Idumbo,AS Monaco,0,0,1,0,0,2
AS Monaco_vs_Leverkusen,19026,Folarin Balogun,AS Monaco,0,1,0,0,0,4
AS Monaco_vs_Leverkusen,19022,Lucas Michal,AS Monaco,90,0,1,0,0,4
AS Monaco_vs_Leverkusen,19005,Thilo Kehrer,AS Monaco,26,1,0,0,0,5
AS Monaco_vs_Leverkusen,19001,Philipp Köhn,AS Monaco,60,0,0,0,0,1
AS Monaco_vs_Leverkusen,19002,Lukas Hradecky,AS Monaco,0,0,0,0,0,0
AS Monaco_vs_Leverkusen,19003,Jules Stawiecki,AS Monaco,16,0,0,0,0,1
AS Monaco_vs_Leverkusen,19004,Yann Lienard,AS Monaco,41,0,0,0,0,1
AS Monaco_vs_Leverkusen,19006,Christian Mawissa,AS Monaco,90,0,0,0,0,2
AS Monaco_vs_Leverkusen,19007,Mohammed Salisu,AS Monaco,68,0,0,0,0,1
AS Monaco_vs_Leverkusen,19008,Eric Dier,AS Monaco,0,0,0,0,0,0
AS Monaco_vs_Leverkusen,19009,Caio Henrique,AS Monaco,45,0,0,0,0,1
AS Monaco_vs_Leverkusen,19010,Kassoum Ouattara,AS Monaco,61,0,0,0,0,1
AS Monaco_vs_Leverkusen,19011,Vanderson,AS Monaco,58,0,0,0,0,1
AS Monaco_vs_Leverkusen,19012,Jordan Teze,AS Monaco,90,0,0,0,0,2
AS Monaco_vs_Leverkusen,19013,Denis Zakaria,AS Monaco,30,0,0,0,0,1
AS Monaco_vs_Leverkusen,19014,Aladji Bamba,AS Monaco,79,0,0,0,0,1
AS Monaco_vs_Leverkusen,19015,Lamine Camara,AS Monaco,61,0,0,0,0,1
AS Monaco_vs_Leverkusen,19016,Paul Pogba,AS Monaco,90,0,0,1,0,1
AS Monaco_vs_Leverkusen,19017,Mamadou Coulibaly,AS Monaco,90,0,0,0,0,2
AS Monaco_vs_Leverkusen,19018,Aleksandr Golovin,AS Monaco,38,0,0,0,0,1
AS Monaco_vs_Leverkusen,19020,Takumi Minamino,AS Monaco,1,0,0,0,0,1
AS Monaco_vs_Leverkusen,19021,Ansu Fati,AS Monaco,0,0,0,0,0,0
AS Monaco_vs_Leverkusen,19023,Maghnes Akliouche,AS Monaco,90,0,0,0,0,2
AS Monaco_vs_Leverkusen,19024,Krépin Diatta,AS Monaco,0,0,0,0,0,0
AS Monaco_vs_Leverkusen,19025,Mika Biereth,AS Monaco,90,0,0,0,0,2
AS Monaco_vs_Leverkusen,19027,George Ilenikhena,AS Monaco,0,0,0,0,0,0
AS Monaco_vs_Leverkusen,19028,Paris Brunner,AS Monaco,80,0,0,0,1,-2
AS Monaco_vs_Leverkusen,16001,Mark Flekken,Leverkusen,90,0,0,0,0,2
AS Monaco_vs_Leverkusen,16002,Janis Blaswich,Leverkusen,0,0,0,0,0,0
AS Monaco_vs_Leverkusen,16003,Niklas Lomb,Leverkusen,0,0,0,0,0,0
AS Monaco_vs_Leverkusen,16004,Jarell Quansah,Leverkusen,0,0,0,0,0,0
AS Monaco_vs_Leverkusen,16005,Edmond Tapsoba,Leverkusen,50,0,0,0,0,1
AS Monaco_vs_Leverkusen,16006,Loïc Badé,Leverkusen,55,0,0,0,0,1
AS Monaco_vs_Leverkusen,16007,Jeanuël Belocian,Leverkusen,0,0,0,0,0,0
AS Monaco_vs_Leverkusen,16008,Axel Tape,Leverkusen,68,0,0,1,0,0
AS Monaco_vs_Leverkusen,16009,Alejandro Grimaldo,Leverkusen,64,0,0,0,0,1
AS Monaco_vs_Leverkusen,16010,Arthur,Leverkusen,79,0,0,0,0,1
AS Monaco_vs_Leverkusen,16011,Lucas Vázquez,Leverkusen,0,0,0,0,0,0
AS Monaco_vs_Leverkusen,16012,Equi Fernández,Leverkusen,0,0,0,0,0,0
AS Monaco_vs_Leverkusen,16013,Robert Andrich,Leverkusen,18,0,0,1,0,0
AS Monaco_vs_Leverkusen,16014,Exequiel Palacios,Leverkusen,0,0,0,0,0,0
AS Monaco_vs_Leverkusen,16015,Aleix García,Leverkusen,90,0,0,0,0,2
AS Monaco_vs_Leverkusen,16016,Malik Tillman,Leverkusen,0,0,0,0,0,0
AS Monaco_vs_Leverkusen,16017,Claudio Echeverri,Leverkusen,51,0,0,0,0,1
AS Monaco_vs_Leverkusen,16018,Ibrahim Maza,Leverkusen,68,0,0,1,0,0
AS Monaco_vs_Leverkusen,16019,Jonas Hofmann,Leverkusen,0,0,0,0,0,0
AS Monaco_vs_Leverkusen,16020,Eliesse Ben Seghir,Leverkusen,90,0,0,0,0,2
AS Monaco_vs_Leverkusen,16021,Martin Terrier,Leverkusen,90,0,0,0,0,2
AS Monaco_vs_Leverkusen,16022,Nathan Tella,Leverkusen,0,0,0,0,0,0
AS Monaco_vs_Leverkusen,16023,Ernest Poku,Leverkusen,24,0,0,0,0,1
AS Monaco_vs_Leverkusen,16024,Patrik Schick,Leverkusen,90,0,0,0,0,2
AS Monaco_vs_Leverkusen,16025,Christian Kofane,Leverkusen,25,0,0,1,0,0
AS Monaco_vs_Leverkusen,16026,Alejo Sarco,Leverkusen,20,0,0,0,0,1
AC Milan_vs_Paris Saint-Germain,11019,Rafael Leão,AC Milan,37,0,1,0,0,3
AC Milan_vs_Paris Saint-Germain,11018,Alexis Saelemaekers,AC Milan,0,1,0,0,0,4
AC Milan_vs_Paris Saint-Germain,18024,Gonçalo Ramos,Paris Saint-Germain,0,1,0,0,0,4
AC Milan_vs_Paris Saint-Germain,18014,Warren Zaïre-Emery,Paris Saint-Germain,15,0,1,0,0,3
AC Milan_vs_Paris Saint-Germain,18021,Désiré Doué,Paris Saint-Germain,25,1,0,0,0,5
AC Milan_vs_Paris Saint-Germain,18019,Bradley Barcola,Paris Saint-Germain,89,1,0,0,0,5
AC Milan_vs_Paris Saint-Germain,11001,Mike Maignan,AC Milan,16,0,0,0,0,1
AC Milan_vs_Paris Saint-Germain,11002,Pietro Terracciano,AC Milan,0,0,0,0,0,0
AC Milan_vs_Paris Saint-Germain,11003,Lorenzo Torriani,AC Milan,0,0,0,0,0,0
AC Milan_vs_Paris Saint-Germain,11004,Koni De Winter,AC Milan,0,0,0,0,0,0
AC Milan_vs_Paris Saint-Germain,11005,Fikayo Tomori,AC Milan,21,0,0,0,0,1
AC Milan_vs_Paris Saint-Germain,11006,Strahinja Pavlović,AC Milan,23,0,0,0,0,1
AC Milan_vs_Paris Saint-Germain,11007,Matteo Gabbia,AC Milan,0,0,0,0,0,0
AC Milan_vs_Paris Saint-Germain,11008,David Odogu,AC Milan,0,0,0,0,0,0
AC Milan_vs_Paris Saint-Germain,11009,Pervis Estupiñán,AC Milan,90,0,0,0,0,2
AC Milan_vs_Paris Saint-Germain,11010,Davide Bartesaghi,AC Milan,0,0,0,0,0,0
AC Milan_vs_Paris Saint-Germain,11011,Zachary Athekame,AC Milan,90,0,0,0,0,2
AC Milan_vs_Paris Saint-Germain,11012,Ardon Jashari,AC Milan,59,0,0,0,0,1
AC Milan_vs_Paris Saint-Germain,11013,Youssouf Fofana,AC Milan,42,0,0,0,0,1
AC Milan_vs_Paris Saint-Germain,11014,Samuele Ricci,AC Milan,0,0,0,0,0,0
AC Milan_vs_Paris Saint-Germain,11015,Adrien Rabiot,AC Milan,85,0,0,0,0,1
AC Milan_vs_Paris Saint-Germain,11016,Ruben Loftus-Cheek,AC Milan,44,0,0,0,0,1
AC Milan_vs_Paris Saint-Germain,11017,Luka Modrić,AC Milan,84,0,0,0,0,1
AC Milan_vs_Paris Saint-Germain,11020,Christian Pulisic,AC Milan,17,0,0,0,0,1
AC Milan_vs_Paris Saint-Germain,11021,Christopher Nkunku,AC Milan,0,0,0,0,0,0
AC Milan_vs_Paris Saint-Germain,11022,Santiago Gimenez,AC Milan,18,0,0,0,0,1
AC Milan_vs_Paris Saint-Germain,18001,Lucas Chevalier,Paris Saint-Germain,90,0,0,0,0,2
AC Milan_vs_Paris Saint-Germain,18002,Matvey Safonov,Paris Saint-Germain,60,0,0,0,0,1
AC Milan_vs_Paris Saint-Germain,18003,Renato Marin,Paris Saint-Germain,59,0,0,0,0,1
AC Milan_vs_Paris Saint-Germain,18004,Willian Pacho,Paris Saint-Germain,71,0,0,0,0,1
AC Milan_vs_Paris Saint-Germain,18005,Ilya Zabarnyi,Paris Saint-Germain,90,0,0,0,0,2
AC Milan_vs_Paris Saint-Germain,18006,Marquinhos,Paris Saint-Germain,87,0,0,0,0,1
AC Milan_vs_Paris Saint-Germain,18007,Lucas Beraldo,Paris Saint-Germain,0,0,0,0,0,0
AC Milan_vs_Paris Saint-Germain,18008,Noham Kamara,Paris Saint-Germain,21,0,0,1,0,0
AC Milan_vs_Paris Saint-Germain,18009,Nuno Mendes,Paris Saint-Germain,0,0,0,0,0,0
AC Milan_vs_Paris Saint-Germain,18010,Lucas Hernández,Paris Saint-Germain,0,0,0,0,0,0
AC Milan_vs_Paris Saint-Germain,18011,Achraf Hakimi,Paris Saint-Germain,63,0,0,0,0,1
AC Milan_vs_Paris Saint-Germain,18012,Vitinha,Paris Saint-Germain,27,0,0,0,0,1
AC Milan_vs_Paris Saint-Germain,18013,João Neves,Paris Saint-Germain,0,0,0,0,0,0
AC Milan_vs_Paris Saint-Germain,18015,Fabián Ruiz,Paris Saint-Germain,63,0,0,0,0,1
AC Milan_vs_Paris Saint-Germain,18016,Senny Mayulu,Paris Saint-Germain,0,0,0,0,0,0
AC Milan_vs_Paris Saint-Germain,18017,Kang-in Lee,Paris Saint-Germain,66,0,0,0,0,1
AC Milan_vs_Paris Saint-Germain,18018,Khvicha Kvaratskhelia,Paris Saint-Germain,0,0,0,0,0,0
AC Milan_vs_Paris Saint-Germain,18020,Quentin Ndjantou,Paris Saint-Germain,9,0,0,0,0,1
AC Milan_vs_Paris Saint-Germain,18022,Ibrahim Mbaye,Paris Saint-Germain,0,0,0,0,0,0
AC Milan_vs_Paris Saint-Germain,18023,Ousmane Dembélé,Paris Saint-Germain,0,0,0,0,0,0
Borussia Dortmund_vs_Bayern Munich,15027,Maximilian Beier,Borussia Dortmund,74,1,0,0,0,5
Borussia Dortmund_vs_Bayern Munich,14019,Lennart Karl,Bayern Munich,75,1,0,0,0,5
Borussia Dortmund_vs_Bayern Munich,15001,Gregor Kobel,Borussia Dortmund,0,0,0,0,0,0
Borussia Dortmund_vs_Bayern Munich,15002,Alexander Meyer,Borussia Dortmund,23,0,0,0,0,1
Borussia Dortmund_vs_Bayern Munich,15003,Patrick Drewes,Borussia Dortmund,88,0,0,0,0,1
Borussia Dortmund_vs_Bayern Munich,15004,Silas Ostrzinski,Borussia Dortmund,66,0,0,0,0,1
Borussia Dortmund_vs_Bayern Munich,15005,Nico Schlotterbeck,Borussia Dortmund,0,0,0,0,0,0
Borussia Dortmund_vs_Bayern Munich,15006,Waldemar Anton,Borussia Dortmund,0,0,0,0,0,0
Borussia Dortmund_vs_Bayern Munich,15007,Niklas Süle,Borussia Dortmund,0,0,0,0,0,0
Borussia Dortmund_vs_Bayern Munich,15008,Aarón Anselmino,Borussia Dortmund,90,0,0,0,0,2
Borussia Dortmund_vs_Bayern Munich,15009,Ramy Bensebaini,Borussia Dortmund,0,0,0,0,0,0
Borussia Dortmund_vs_Bayern Munich,15010,Emre Can,Borussia Dortmund,57,0,0,0,0,1
Borussia Dortmund_vs_Bayern Munich,15011,Filippo Mane,Borussia Dortmund,90,0,0,0,0,2
Borussia Dortmund_vs_Bayern Munich,15012,Daniel Svensson,Borussia Dortmund,71,0,0,0,0,1
Borussia Dortmund_vs_Bayern Munich,15013,Almugera Kabar,Borussia Dortmund,0,0,0,0,0,0
Borussia Dortmund_vs_Bayern Munich,15014,Julian Ryerson,Borussia Dortmund,90,0,0,0,0,2
Borussia Dortmund_vs_Bayern Munich,15015,Salih Özcan,Borussia Dortmund,0,0,0,0,0,0
Borussia Dortmund_vs_Bayern Munich,15016,Felix Nmecha,Borussia Dortmund,90,0,0,1,0,1
Borussia Dortmund_vs_Bayern Munich,15017,Jobe Bellingham,Borussia Dortmund,0,0,0,0,0,0
Borussia Dortmund_vs_Bayern Munich,15018,Carney Chukwuemeka,Borussia Dortmund,46,0,0,0,0,1
Borussia Dortmund_vs_Bayern Munich,15019,Marcel Sabitzer,Borussia Dortmund,0,0,0,0,0,0
Borussia Dortmund_vs_Bayern Munich,15020,Paskal Groß,Borussia Dortmund,90,0,0,0,0,2
Borussia Dortmund_vs_Bayern Munich,15021,Yan Couto,Borussia Dortmund,15,0,0,0,0,1
Borussia Dortmund_vs_Bayern Munich,15022,Julian Brandt,Borussia Dortmund,90,0,0,0,0,2
Borussia Dortmund_vs_Bayern Munich,15023,Julien Duranville,Borussia Dortmund,19,0,0,0,0,1
Borussia Dortmund_vs_Bayern Munich,15024,Karim Adeyemi,Borussia Dortmund,0,0,0,0,0,0
Borussia Dortmund_vs_Bayern Munich,15025,Cole Campbell,Borussia Dortmund,90,0,0,0,0,2
Borussia Dortmund_vs_Bayern Munich,15026,Serhou Guirassy,Borussia Dortmund,42,0,0,0,0,1
Borussia Dortmund_vs_Bayern Munich,15028,Fábio Silva,Borussia Dortmund,29,0,0,0,0,1
Borussia Dortmund_vs_Bayern Munich,14001,Jonas Urbig,Bayern Munich,8,0,0,0,0,1
Borussia Dortmund_vs_Bayern Munich,14002,Manuel Neuer,Bayern Munich,9,0,0,0,0,1
Borussia Dortmund_vs_Bayern Munich,14003,Sven Ulreich,Bayern Munich,90,0,0,0,0,2
Borussia Dortmund_vs_Bayern Munich,14004,Leon Klanac,Bayern Munich,65,0,0,0,0,1
Borussia Dortmund_vs_Bayern Munich,14005,Dayot Upamecano,Bayern Munich,90,0,0,0,0,2
Borussia Dortmund_vs_Bayern Munich,14006,Min-jae Kim,Bayern Munich,0,0,0,0,0,0
Borussia Dortmund_vs_Bayern Munich,14007,Jonathan Tah,Bayern Munich,86,0,0,0,0,1
Borussia Dortmund_vs_Bayern Munich,14008,Hiroki Ito,Bayern Munich,0,0,0,0,0,0
Borussia Dortmund_vs_Bayern Munich,14009,Alphonso Davies,Bayern Munich,21,0,0,0,0,1
Borussia Dortmund_vs_Bayern Munich,14010,Raphaël Guerreiro,Bayern Munich,90,0,0,0,0,2
Borussia Dortmund_vs_Bayern Munich,14011,Josip Stanisic,Bayern Munich,0,0,0,0,0,0
Borussia Dortmund_vs_Bayern Munich,14012,Konrad Laimer,Bayern Munich,48,0,0,0,0,1
Borussia Dortmund_vs_Bayern Munich,14013,Sacha Boey,Bayern Munich,0,0,0,0,0,0
Borussia Dortmund_vs_Bayern Munich,14014,Aleksandar Pavlovic,Bayern Munich,90,0,0,1,0,1
Borussia Dortmund_vs_Bayern Munich,14015,Joshua Kimmich,Bayern Munich,90,0,0,0,0,2
Borussia Dortmund_vs_Bayern Munich,14016,Tom Bischof,Bayern Munich,89,0,0,0,0,1
Borussia Dortmund_vs_Bayern Munich,14017,Leon Goretzka,Bayern Munich,90,0,0,0,0,2
Borussia Dortmund_vs_Bayern Munich,14018,Jamal Musiala,Bayern Munich,63,0,0,0,0,1
Borussia Dortmund_vs_Bayern Munich,14020,Luis Díaz,Bayern Munich,90,0,0,0,0,2
Borussia Dortmund_vs_Bayern Munich,14021,Wisdom Mike,Bayern Munich,0,0,0,0,0,0
Borussia Dortmund_vs_Bayern Munich,14022,Michael Olise,Bayern Munich,90,0,0,0,0,2
Borussia Dortmund_vs_Bayern Munich,14023,Serge Gnabry,Bayern Munich,51,0,0,0,0,1
Borussia Dortmund_vs_Bayern Munich,14024,Harry Kane,Bayern Munich,86,0,0,0,0,1
Borussia Dortmund_vs_Bayern Munich,14025,Nicolas Jackson,Bayern Munich,23,0,0,0,0,1
Olympique Marseille_vs_Inter Milan,20008,Benjamin Pavard,Olympique Marseille,49,1,0,0,0,5
Olympique Marseille_vs_Inter Milan,20025,Amine Gouiri,Olympique Marseille,30,0,1,0,0,3
Olympique Marseille_vs_Inter Milan,20024,Timothy Weah,Olympique Marseille,69,1,0,0,0,5
Olympique Marseille_vs_Inter Milan,10002,Yann Sommer,Inter Milan,0,1,0,0,0,4
Olympique Marseille_vs_Inter Milan,20001,Gerónimo Rulli,Olympique Marseille,90,0,0,0,0,2
Olympique Marseille_vs_Inter Milan,20002,Jeffrey de Lange,Olympique Marseille,0,0,0,0,0,0
Olympique Marseille_vs_Inter Milan,20003,Rubén Blanco,Olympique Marseille,54,0,0,0,0,1
Olympique Marseille_vs_Inter Milan,20004,Jelle Van Neck,Olympique Marseille,35,0,0,0,0,1
Olympique Marseille_vs_Inter Milan,20005,Facundo Medina,Olympique Marseille,45,0,0,0,0,1
Olympique Marseille_vs_Inter Milan,20006,Leonardo Balerdi,Olympique Marseille,32,0,0,0,0,1
Olympique Marseille_vs_Inter Milan,20007,Nayef Aguerd,Olympique Marseille,0,0,0,0,0,0
Olympique Marseille_vs_Inter Milan,20009,CJ Egan-Riley,Olympique Marseille,0,0,0,0,0,0
Olympique Marseille_vs_Inter Milan,20010,Emerson,Olympique Marseille,0,0,0,0,0,0
Olympique Marseille_vs_Inter Milan,20011,Ulisses Garcia,Olympique Marseille,0,0,0,0,0,0
Olympique Marseille_vs_Inter Milan,20012,Amir Murillo,Olympique Marseille,2,0,0,0,0,1
Olympique Marseille_vs_Inter Milan,20013,Pol Lirola,Olympique Marseille,76,0,0,0,0,1
Olympique Marseille_vs_Inter Milan,20014,Arthur Vermeeren,Olympique Marseille,90,0,0,0,0,2
Olympique Marseille_vs_Inter Milan,20015,Pierre-Emile Højbjerg,Olympique Marseille,90,0,0,0,0,2
Olympique Marseille_vs_Inter Milan,20016,Geoffrey Kondogbia,Olympique Marseille,79,0,0,0,0,1
Olympique Marseille_vs_Inter Milan,20017,Matt O'Riley,Olympique Marseille,46,0,0,0,0,1
Olympique Marseille_vs_Inter Milan,20018,Bilal Nadir,Olympique Marseille,90,0,0,1,0,1
Olympique Marseille_vs_Inter Milan,20019,Angel Gomes,Olympique Marseille,0,0,0,0,0,0
Olympique Marseille_vs_Inter Milan,20020,Darryl Bakola,Olympique Marseille,2,0,0,0,0,1
Olympique Marseille_vs_Inter Milan,20021,Igor Paixão,Olympique Marseille,18,0,0,0,0,1
Olympique Marseille_vs_Inter Milan,20022,Hamed Traoré,Olympique Marseille,0,0,0,0,0,0
Olympique Marseille_vs_Inter Milan,20023,Mason Greenwood,Olympique Marseille,0,0,0,0,0,0
Olympique Marseille_vs_Inter Milan,20026,Neal Maupay,Olympique Marseille,0,0,0,0,0,0
Olympique Marseille_vs_Inter Milan,20027,Robinio Vaz,Olympique Marseille,37,0,0,0,0,1
Olympique Marseille_vs_Inter Milan,20028,Pierre-Emerick Aubameyang,Olympique Marseille,0,0,0,0,0,0
Olympique Marseille_vs_Inter Milan,10001,Josep Martínez,Inter Milan,87,0,0,0,0,1
Olympique Marseille_vs_Inter Milan,10003,Raffaele Di Gennaro,Inter Milan,54,0,0,0,1,-2
Olympique Marseille_vs_Inter Milan,10004,Alessandro Bastoni,Inter Milan,15,0,0,0,0,1
Olympique Marseille_vs_Inter Milan,10005,Yann Bisseck,Inter Milan,0,0,0,0,0,0
Olympique Marseille_vs_Inter Milan,10006,Manuel Akanji,Inter Milan,0,0,0,0,0,0
Olympique Marseille_vs_Inter Milan,10007,Stefan de Vrij,Inter Milan,90,0,0,0,0,2
Olympique Marseille_vs_Inter Milan,10008,Tomás Palacios,Inter Milan,90,0,0,0,0,2
Olympique Marseille_vs_Inter Milan,10009,Francesco Acerbi,Inter Milan,83,0,0,0,0,1
Olympique Marseille_vs_Inter Milan,10010,Federico Dimarco,Inter Milan,90,0,0,0,0,2
Olympique Marseille_vs_Inter Milan,10011,Carlos Augusto,Inter Milan,27,0,0,0,0,1
Olympique Marseille_vs_Inter Milan,10012,Denzel Dumfries,Inter Milan,0,0,0,0,0,0
Olympique Marseille_vs_Inter Milan,10013,Matteo Darmian,Inter Milan,19,0,0,0,0,1
Olympique Marseille_vs_Inter Milan,10014,Hakan Çalhanoğlu,Inter Milan,90,0,0,0,0,2
Olympique Marseille_vs_Inter Milan,10015,Nicolò Barella,Inter Milan,0,0,0,0,0,0
Olympique Marseille_vs_Inter Milan,10016,Davide Frattesi,Inter Milan,57,0,0,0,0,1
Olympique Marseille_vs_Inter Milan,10017,Petar Sučić,Inter Milan,90,0,0,0,0,2
Olympique Marseille_vs_Inter Milan,10018,Andy Diouf,Inter Milan,43,0,0,0,0,1
Olympique Marseille_vs_Inter Milan,10019,Piotr Zieliński,Inter Milan,81,0,0,0,0,1
Olympique Marseille_vs_Inter Milan,10020,Henrikh Mkhitaryan,Inter Milan,70,0,0,0,0,1
Olympique Marseille_vs_Inter Milan,10021,Luis Henrique,Inter Milan,71,0,0,0,0,1
Olympique Marseille_vs_Inter Milan,10022,Lautaro Martínez,Inter Milan,0,0,0,0,0,0
Olympique Marseille_vs_Inter Milan,10023,Marcus Thuram,Inter Milan,0,0,0,0,0,0
Olympique Marseille_vs_Inter Milan,10024,Pio Esposito,Inter Milan,8,0,0,0,0,1
Olympique Marseille_vs_Inter Milan,10025,Ange-Yoan Bonny,Inter Milan,33,0,0,0,0,1
Juventus_vs_Manchester City FC,2015,Nico González,Manchester City FC,23,0,1,0,0,3
Juventus_vs_Manchester City FC,2026,Omar Marmoush,Manchester City FC,22,1,0,1,0,4
Juventus_vs_Manchester City FC,13001,Michele Di Gregorio,Juventus,0,0,0,0,0,0
Juventus_vs_Manchester City FC,13002,Mattia Perin,Juventus,2,0,0,0,0,1
Juventus_vs_Manchester City FC,13003,Carlo Pinsoglio,Juventus,90,0,0,1,0,1
Juventus_vs_Manchester City FC,13004,Bremer,Juventus,0,0,0,0,0,0
Juventus_vs_Manchester City FC,13005,Pierre Kalulu,Juventus,0,0,0,0,0,0
Juventus_vs_Manchester City FC,13006,Federico Gatti,Juventus,90,0,0,0,0,2
Juventus_vs_Manchester City FC,13007,Lloyd Kelly,Juventus,0,0,0,0,0,0
Juventus_vs_Manchester City FC,13008,Daniele Rugani,Juventus,54,0,0,0,0,1
Juventus_vs_Manchester City FC,13009,Juan Cabal,Juventus,30,0,0,0,0,1
Juventus_vs_Manchester City FC,13010,Jonas Rouhi,Juventus,77,0,0,0,0,1
Juventus_vs_Manchester City FC,13011,Manuel Locatelli,Juventus,0,0,0,0,0,0
Juventus_vs_Manchester City FC,13012,Khéphren Thuram,Juventus,0,0,0,0,0,0
Juventus_vs_Manchester City FC,13013,Weston McKennie,Juventus,90,0,0,0,0,2
Juventus_vs_Manchester City FC,13014,Fabio Miretti,Juventus,11,0,0,0,0,1
Juventus_vs_Manchester City FC,13015,João Mário,Juventus,0,0,0,0,0,0
Juventus_vs_Manchester City FC,13016,Andrea Cambiaso,Juventus,90,0,0,0,0,2
Juventus_vs_Manchester City FC,13017,Filip Kostić,Juventus,78,0,0,1,0,0
Juventus_vs_Manchester City FC,13018,Teun Koopmeiners,Juventus,0,0,0,0,0,0
Juventus_vs_Manchester City FC,13019,Vasilije Adžić,Juventus,0,0,0,0,0,0
Juventus_vs_Manchester City FC,13020,Kenan Yıldız,Juventus,90,0,0,1,0,1
Juventus_vs_Manchester City FC,13021,Francisco Conceição,Juventus,0,0,0,0,0,0
Juventus_vs_Manchester City FC,13022,Edon Zhegrova,Juventus,90,0,0,1,0,1
Juventus_vs_Manchester City FC,13023,Loïs Openda,Juventus,72,0,0,1,0,0
Juventus_vs_Manchester City FC,13024,Jonathan David,Juventus,0,0,0,0,0,0
Juventus_vs_Manchester City FC,13025,Dušan Vlahović,Juventus,90,0,0,0,0,2
Juventus_vs_Manchester City FC,13026,Arkadiusz Milik,Juventus,17,0,0,0,0,1
Juventus_vs_Manchester City FC,2001,Gianluigi Donnarumma,Manchester City FC,90,0,0,0,0,2
Juventus_vs_Manchester City FC,2002,James Trafford,Manchester City FC,84,0,0,0,0,1
Juventus_vs_Manchester City FC,2003,Stefan Ortega,Manchester City FC,45,0,0,0,0,1
Juventus_vs_Manchester City FC,2004,Marcus Bettinelli,Manchester City FC,0,0,0,0,0,0
Juventus_vs_Manchester City FC,2005,Josko Gvardiol,Manchester City FC,60,0,0,0,0,1
Juventus_vs_Manchester City FC,2006,Rúben Dias,Manchester City FC,90,0,0,0,0,2
Juventus_vs_Manchester City FC,2007,Abdukodir Khusanov,Manchester City FC,2,0,0,0,0,1
Juventus_vs_Manchester City FC,2008,John Stones,Manchester City FC,32,0,0,0,0,1
Juventus_vs_Manchester City FC,2009,Nathan Aké,Manchester City FC,0,0,0,0,0,0
Juventus_vs_Manchester City FC,2010,Rayan Aït-Nouri,Manchester City FC,27,0,0,0,0,1
Juventus_vs_Manchester City FC,2011,Nico O'Reilly,Manchester City FC,0,0,0,0,0,0
Juventus_vs_Manchester City FC,2012,Rico Lewis,Manchester City FC,82,0,0,0,0,1
Juventus_vs_Manchester City FC,2013,Matheus Nunes,Manchester City FC,39,0,0,0,0,1
Juventus_vs_Manchester City FC,2014,Rodri,Manchester City FC,0,0,0,0,0,0
Juventus_vs_Manchester City FC,2016,Kalvin Phillips,Manchester City FC,90,0,0,0,0,2
Juventus_vs_Manchester City FC,2017,Tijjani Reijnders,Manchester City FC,35,0,0,0,0,1
Juventus_vs_Manchester City FC,2018,Mateo Kovacic,Manchester City FC,90,0,0,0,0,2
Juventus_vs_Manchester City FC,2019,Bernardo Silva,Manchester City FC,28,0,0,0,0,1
Juventus_vs_Manchester City FC,2020,Jérémy Doku,Manchester City FC,90,0,0,0,0,2
Juventus_vs_Manchester City FC,2021,Savinho,Manchester City FC,0,0,0,0,0,0
Juventus_vs_Manchester City FC,2022,Phil Foden,Manchester City FC,90,0,0,0,0,2
Juventus_vs_Manchester City FC,2023,Rayan Cherki,Manchester City FC,70,0,0,0,0,1
Juventus_vs_Manchester City FC,2024,Oscar Bobb,Manchester City FC,0,0,0,0,0,0
Juventus_vs_Manchester City FC,2025,Erling Haaland,Manchester City FC,8,0,0,0,0,1
Villarreal CF_vs_Tottenham Hotspur,9020,Ilias Akhomach,Villarreal CF,26,1,0,0,0,5
Villarreal CF_vs_Tottenham Hotspur,5022,Wilson Odobert,Tottenham Hotspur,42,0,1,0,0,3
Villarreal CF_vs_Tottenham Hotspur,5009,Kota Takai,Tottenham Hotspur,71,1,0,1,0,4
Villarreal CF_vs_Tottenham Hotspur,5008,Ben Davies,Tottenham Hotspur,44,1,0,0,0,5
Villarreal CF_vs_Tottenham Hotspur,5028,Richarlison,Tottenham Hotspur,20,1,0,0,0,5
Villarreal CF_vs_Tottenham Hotspur,9001,Luiz Júnior,Villarreal CF,38,0,0,0,0,1
Villarreal CF_vs_Tottenham Hotspur,9002,Diego Conde,Villarreal CF,87,0,0,0,0,1
Villarreal CF_vs_Tottenham Hotspur,9003,Arnau Tenas,Villarreal CF,56,0,0,0,0,1
Villarreal CF_vs_Tottenham Hotspur,9004,Renato Veiga,Villarreal CF,42,0,0,1,0,0
Villarreal CF_vs_Tottenham Hotspur,9005,Logan Costa,Villarreal CF,27,0,0,0,0,1
Villarreal CF_vs_Tottenham Hotspur,9006,Juan Foyth,Villarreal CF,0,0,0,0,0,0
Villarreal CF_vs_Tottenham Hotspur,9007,Rafa Marín,Villarreal CF,19,0,0,1,0,0
Villarreal CF_vs_Tottenham Hotspur,9008,Willy Kambwala,Villarreal CF,82,0,0,0,0,1
Villarreal CF_vs_Tottenham Hotspur,9009,Sergi Cardona,Villarreal CF,76,0,0,0,0,1
Villarreal CF_vs_Tottenham Hotspur,9010,Alfonso Pedraza,Villarreal CF,0,0,0,0,0,0
Villarreal CF_vs_Tottenham Hotspur,9011,Santiago Mouriño,Villarreal CF,81,0,0,0,0,1
Villarreal CF_vs_Tottenham Hotspur,9012,Pau Navarro,Villarreal CF,0,0,0,0,0,0
Villarreal CF_vs_Tottenham Hotspur,9013,Adrià Altimira,Villarreal CF,6,0,0,0,0,1
Villarreal CF_vs_Tottenham Hotspur,9014,Pape Gueye,Villarreal CF,88,0,0,0,0,1
Villarreal CF_vs_Tottenham Hotspur,9015,Thomas Partey,Villarreal CF,90,0,0,0,0,2
Villarreal CF_vs_Tottenham Hotspur,9016,Santi Comesaña,Villarreal CF,43,0,0,0,0,1
Villarreal CF_vs_Tottenham Hotspur,9017,Dani Parejo,Villarreal CF,81,0,0,0,0,1
Villarreal CF_vs_Tottenham Hotspur,9018,Alberto Moleiro,Villarreal CF,62,0,0,0,0,1
Villarreal CF_vs_Tottenham Hotspur,9019,Manor Solomon,Villarreal CF,0,0,0,0,0,0
Villarreal CF_vs_Tottenham Hotspur,9021,Tajon Buchanan,Villarreal CF,56,0,0,0,1,-2
Villarreal CF_vs_Tottenham Hotspur,9022,Nicolas Pépé,Villarreal CF,11,0,0,0,0,1
Villarreal CF_vs_Tottenham Hotspur,9023,Georges Mikautadze,Villarreal CF,41,0,0,0,0,1
Villarreal CF_vs_Tottenham Hotspur,9024,Tani Oluwaseyi,Villarreal CF,90,0,0,0,0,2
Villarreal CF_vs_Tottenham Hotspur,9025,Ayoze Pérez,Villarreal CF,87,0,0,0,0,1
Villarreal CF_vs_Tottenham Hotspur,9026,Gerard Moreno,Villarreal CF,90,0,0,0,0,2
Villarreal CF_vs_Tottenham Hotspur,9027,Pau Cabanes,Villarreal CF,25,0,0,0,0,1
Villarreal CF_vs_Tottenham Hotspur,5001,Guglielmo Vicario,Tottenham Hotspur,36,0,0,1,0,0
Villarreal CF_vs_Tottenham Hotspur,5002,Antonín Kinský,Tottenham Hotspur,28,0,0,0,0,1
Villarreal CF_vs_Tottenham Hotspur,5003,Brandon Austin,Tottenham Hotspur,0,0,0,0,0,0
Villarreal CF_vs_Tottenham Hotspur,5004,Cristian Romero,Tottenham Hotspur,11,0,0,0,0,1
Villarreal CF_vs_Tottenham Hotspur,5005,Micky van de Ven,Tottenham Hotspur,0,0,0,0,0,0
Villarreal CF_vs_Tottenham Hotspur,5006,Radu Drăgușin,Tottenham Hotspur,76,0,0,1,0,0
Villarreal CF_vs_Tottenham Hotspur,5007,Kevin Danso,Tottenham Hotspur,90,0,0,0,0,2
Villarreal CF_vs_Tottenham Hotspur,5010,Destiny Udogie,Tottenham Hotspur,43,0,0,0,0,1
Villarreal CF_vs_Tottenham Hotspur,5011,Djed Spence,Tottenham Hotspur,0,0,0,0,0,0
Villarreal CF_vs_Tottenham Hotspur,5012,Pedro Porro,Tottenham Hotspur,90,0,0,0,0,2
Villarreal CF_vs_Tottenham Hotspur,5013,João Palhinha,Tottenham Hotspur,84,0,0,0,0,1
Villarreal CF_vs_Tottenham Hotspur,5014,Yves Bissouma,Tottenham Hotspur,0,0,0,0,0,0
Villarreal CF_vs_Tottenham Hotspur,5015,Lucas Bergvall,Tottenham Hotspur,90,0,0,0,0,2
Villarreal CF_vs_Tottenham Hotspur,5016,Archie Gray,Tottenham Hotspur,90,0,0,1,0,1
Villarreal CF_vs_Tottenham Hotspur,5017,Pape Matar Sarr,Tottenham Hotspur,42,0,0,1,0,0
Villarreal CF_vs_Tottenham Hotspur,5018,Rodrigo Bentancur,Tottenham Hotspur,51,0,0,0,0,1
Villarreal CF_vs_Tottenham Hotspur,5019,Xavi Simons,Tottenham Hotspur,90,0,0,0,0,2
Villarreal CF_vs_Tottenham Hotspur,5020,Dejan Kulusevski,Tottenham Hotspur,9,0,0,1,0,0
Villarreal CF_vs_Tottenham Hotspur,5021,James Maddison,Tottenham Hotspur,51,0,0,0,0,1
Villarreal CF_vs_Tottenham Hotspur,5023,Mohammed Kudus,Tottenham Hotspur,25,0,0,0,0,1
Villarreal CF_vs_Tottenham Hotspur,5024,Brennan Johnson,Tottenham Hotspur,77,0,0,0,0,1
Villarreal CF_vs_Tottenham Hotspur,5025,Dominic Solanke,Tottenham Hotspur,6,0,0,0,0,1
Villarreal CF_vs_Tottenham Hotspur,5026,Mathys Tel,Tottenham Hotspur,10,0,0,0,0,1
Villarreal CF_vs_Tottenham Hotspur,5027,Randal Kolo Muani,Tottenham Hotspur,74,0,0,0,0,1
Villarreal CF_vs_Tottenham Hotspur,5029,Dane Scarlett,Tottenham Hotspur,90,0,0,0,0,2
Atletico Madrid_vs_Arsenal FC,8001,Jan Oblak,Atletico Madrid,0,0,0,0,0,0
Atletico Madrid_vs_Arsenal FC,8002,Juan Musso,Atletico Madrid,59,0,0,1,0,0
Atletico Madrid_vs_Arsenal FC,8003,Robin Le Normand,Atletico Madrid,90,0,0,0,0,2
Atletico Madrid_vs_Arsenal FC,8004,Dávid Hancko,Atletico Madrid,90,0,0,0,0,2
Atletico Madrid_vs_Arsenal FC,8005,José María Giménez,Atletico Madrid,0,0,0,0,0,0
Atletico Madrid_vs_Arsenal FC,8006,Clément Lenglet,Atletico Madrid,0,0,0,0,0,0
Atletico Madrid_vs_Arsenal FC,8007,Matteo Ruggeri,Atletico Madrid,44,0,0,0,0,1
Atletico Madrid_vs_Arsenal FC,8008,Javi Galán,Atletico Madrid,2,0,0,1,0,0
Atletico Madrid_vs_Arsenal FC,8009,Marcos Llorente,Atletico Madrid,0,0,0,0,0,0
Atletico Madrid_vs_Arsenal FC,8010,Nahuel Molina,Atletico Madrid,21,0,0,0,0,1
Atletico Madrid_vs_Arsenal FC,8011,Marc Pubill,Atletico Madrid,65,0,0,0,0,1
Atletico Madrid_vs_Arsenal FC,8012,Johnny Cardoso,Atletico Madrid,0,0,0,0,0,0
Atletico Madrid_vs_Arsenal FC,8013,Pablo Barrios,Atletico Madrid,10,0,0,0,0,1
Atletico Madrid_vs_Arsenal FC,8014,Conor Gallagher,Atletico Madrid,0,0,0,0,0,0
Atletico Madrid_vs_Arsenal FC,8015,Koke,Atletico Madrid,0,0,0,0,0,0
Atletico Madrid_vs_Arsenal FC,8016,Álex Baena,Atletico Madrid,0,0,0,0,0,0
Atletico Madrid_vs_Arsenal FC,8017,Thiago Almada,Atletico Madrid,85,0,0,0,0,1
Atletico Madrid_vs_Arsenal FC,8018,Nico González,Atletico Madrid,90,0,0,0,0,2
Atletico Madrid_vs_Arsenal FC,8019,Carlos Martín,Atletico Madrid,0,0,0,0,0,0
Atletico Madrid_vs_Arsenal FC,8020,Giuliano Simeone,Atletico Madrid,0,0,0,0,0,0
Atletico Madrid_vs_Arsenal FC,8021,Giacomo Raspadori,Atletico Madrid,80,0,0,0,0,1
Atletico Madrid_vs_Arsenal FC,8022,Antoine Griezmann,Atletico Madrid,0,0,0,0,0,0
Atletico Madrid_vs_Arsenal FC,8023,Julián Alvarez,Atletico Madrid,0,0,0,0,0,0
Atletico Madrid_vs_Arsenal FC,8024,Alexander Sørloth,Atletico Madrid,13,0,0,0,0,1
Atletico Madrid_vs_Arsenal FC,1024,Kai Havertz,Arsenal FC,0,0,0,0,0,0
Atletico Madrid_vs_Arsenal FC,1025,Gabriel Jesus,Arsenal FC,0,0,0,0,0,0
Atletico Madrid_vs_Arsenal FC,1001,David Raya,Arsenal FC,8,0,0,0,0,1
Atletico Madrid_vs_Arsenal FC,1002,Kepa Arrizabalaga,Arsenal FC,0,0,0,0,0,0
Atletico Madrid_vs_Arsenal FC,1003,William Saliba,Arsenal FC,0,0,0,0,0,0
Atletico Madrid_vs_Arsenal FC,1004,Gabriel Magalhães,Arsenal FC,90,0,0,0,0,2
Atletico Madrid_vs_Arsenal FC,1005,Piero Hincapié,Arsenal FC,79,0,0,0,0,1
Atletico Madrid_vs_Arsenal FC,1006,Cristhian Mosquera,Arsenal FC,0,0,0,0,0,0
Atletico Madrid_vs_Arsenal FC,1007,Myles Lewis-Skelly,Arsenal FC,68,0,0,0,0,1
Atletico Madrid_vs_Arsenal FC,1008,Riccardo Calafiori,Arsenal FC,0,0,0,0,0,0
Atletico Madrid_vs_Arsenal FC,1009,Jurriën Timber,Arsenal FC,81,0,0,0,0,1
Atletico Madrid_vs_Arsenal FC,1010,Ben White,Arsenal FC,41,0,0,0,0,1
Atletico Madrid_vs_Arsenal FC,1011,Martín Zubimendi,Arsenal FC,28,0,0,0,0,1
Atletico Madrid_vs_Arsenal FC,1012,Christian Nørgaard,Arsenal FC,63,0,0,1,0,0
Atletico Madrid_vs_Arsenal FC,1013,Declan Rice,Arsenal FC,90,0,0,0,0,2
Atletico Madrid_vs_Arsenal FC,1014,Mikel Merino,Arsenal FC,90,0,0,1,0,1
Atletico Madrid_vs_Arsenal FC,1015,Martin Ødegaard,Arsenal FC,0,0,0,0,0,0
Atletico Madrid_vs_Arsenal FC,1016,Eberechi Eze,Arsenal FC,0,0,0,0,0,0
Atletico Madrid_vs_Arsenal FC,1017,Ethan Nwaneri,Arsenal FC,50,0,0,0,0,1
Atletico Madrid_vs_Arsenal FC,1018,Gabriel Martinelli,Arsenal FC,0,0,0,0,0,0
Atletico Madrid_vs_Arsenal FC,1019,Leandro Trossard,Arsenal FC,22,0,0,0,0,1
Atletico Madrid_vs_Arsenal FC,1020,Bukayo Saka,Arsenal FC,0,0,0,0,0,0
Atletico Madrid_vs_Arsenal FC,1021,Noni Madueke,Arsenal FC,62,0,0,0,0,1
Atletico Madrid_vs_Arsenal FC,1022,Max Dowman,Arsenal FC,0,0,0,0,0,0
Atletico Madrid_vs_Arsenal FC,1023,Viktor Gyökeres,Arsenal FC,90,0,0,0,0,2
Liverpool FC_vs_FC Barcelona,3020,Dominik Szoboszlai,Liverpool FC,90,0,1,0,0,4
Liverpool FC_vs_FC Barcelona,3005,Giovanni Leoni,Liverpool FC,90,1,0,0,0,6
Liverpool FC_vs_FC Barcelona,3007,Joe Gomez,Liverpool FC,66,1,0,0,0,5
Liverpool FC_vs_FC Barcelona,3001,Giorgi Mamardashvili,Liverpool FC,36,0,0,0,0,1
Liverpool FC_vs_FC Barcelona,3002,Alisson,Liverpool FC,90,0,0,0,0,2
Liverpool FC_vs_FC Barcelona,3003,Freddie Woodman,Liverpool FC,87,0,0,0,0,1
Liverpool FC_vs_FC Barcelona,3004,Ibrahima Konaté,Liverpool FC,0,0,0,0,0,0
Liverpool FC_vs_FC Barcelona,3006,Virgil van Dijk,Liverpool FC,15,0,0,0,0,1
Liverpool FC_vs_FC Barcelona,3008,Rhys Williams,Liverpool FC,0,0,0,0,0,0
Liverpool FC_vs_FC Barcelona,3009,Milos Kerkez,Liverpool FC,31,0,0,0,0,1
Liverpool FC_vs_FC Barcelona,3010,Andrew Robertson,Liverpool FC,0,0,0,0,0,0
Liverpool FC_vs_FC Barcelona,3011,Jeremie Frimpong,Liverpool FC,39,0,0,0,0,1
Liverpool FC_vs_FC Barcelona,3012,Conor Bradley,Liverpool FC,56,0,0,0,0,1
Liverpool FC_vs_FC Barcelona,3013,Ryan Gravenberch,Liverpool FC,90,0,0,0,0,2
Liverpool FC_vs_FC Barcelona,3014,Stefan Bajcetic,Liverpool FC,90,0,0,1,0,1
Liverpool FC_vs_FC Barcelona,3015,Wataru Endo,Liverpool FC,6,0,0,1,0,0
Liverpool FC_vs_FC Barcelona,3016,Alexis Mac Allister,Liverpool FC,52,0,0,0,0,1
Liverpool FC_vs_FC Barcelona,3017,Curtis Jones,Liverpool FC,90,0,0,0,0,2
Liverpool FC_vs_FC Barcelona,3018,Trey Nyoni,Liverpool FC,17,0,0,0,0,1
Liverpool FC_vs_FC Barcelona,3019,Florian Wirtz,Liverpool FC,0,0,0,0,0,0
Liverpool FC_vs_FC Barcelona,3021,Cody Gakpo,Liverpool FC,0,0,0,0,0,0
Liverpool FC_vs_FC Barcelona,3022,Rio Ngumoha,Liverpool FC,89,0,0,0,0,1
Liverpool FC_vs_FC Barcelona,3023,Mohamed Salah,Liverpool FC,68,0,0,0,0,1
Liverpool FC_vs_FC Barcelona,3024,Federico Chiesa,Liverpool FC,0,0,0,0,0,0
Liverpool FC_vs_FC Barcelona,3025,Alexander Isak,Liverpool FC,35,0,0,1,0,0
Liverpool FC_vs_FC Barcelona,3026,Hugo Ekitiké,Liverpool FC,49,0,0,0,0,1
Liverpool FC_vs_FC Barcelona,6001,Joan García,FC Barcelona,1,0,0,0,0,1
Liverpool FC_vs_FC Barcelona,6002,Marc-André ter Stegen,FC Barcelona,90,0,0,0,0,2
Liverpool FC_vs_FC Barcelona,6003,Wojciech Szczesny,FC Barcelona,28,0,0,0,0,1
Liverpool FC_vs_FC Barcelona,6004,Pau Cubarsí,FC Barcelona,0,0,0,0,0,0
Liverpool FC_vs_FC Barcelona,6005,Ronald Araujo,FC Barcelona,0,0,0,0,0,0
Liverpool FC_vs_FC Barcelona,6006,Eric García,FC Barcelona,90,0,0,0,0,2
Liverpool FC_vs_FC Barcelona,6007,Andreas Christensen,FC Barcelona,0,0,0,0,0,0
Liverpool FC_vs_FC Barcelona,6008,Alejandro Balde,FC Barcelona,26,0,0,0,0,1
Liverpool FC_vs_FC Barcelona,6009,Gerard Martín,FC Barcelona,7,0,0,0,0,1
Liverpool FC_vs_FC Barcelona,6010,Jules Koundé,FC Barcelona,90,0,0,0,0,2
Liverpool FC_vs_FC Barcelona,6011,Marc Casadó,FC Barcelona,0,0,0,0,0,0
Liverpool FC_vs_FC Barcelona,6012,Marc Bernal,FC Barcelona,7,0,0,0,0,1
Liverpool FC_vs_FC Barcelona,6013,Pedri,FC Barcelona,8,0,0,1,0,0
Liverpool FC_vs_FC Barcelona,6014,Frenkie de Jong,FC Barcelona,0,0,0,0,0,0
Liverpool FC_vs_FC Barcelona,6015,Gavi,FC Barcelona,23,0,0,0,0,1
Liverpool FC_vs_FC Barcelona,6016,Fermín López,FC Barcelona,47,0,0,0,0,1
Liverpool FC_vs_FC Barcelona,6017,Dani Olmo,FC Barcelona,82,0,0,1,0,0
Liverpool FC_vs_FC Barcelona,6018,Dro Fernández,FC Barcelona,0,0,0,0,0,0
Liverpool FC_vs_FC Barcelona,6019,Raphinha,FC Barcelona,79,0,0,0,0,1
Liverpool FC_vs_FC Barcelona,6020,Marcus Rashford,FC Barcelona,0,0,0,0,0,0
Liverpool FC_vs_FC Barcelona,6021,Lamine Yamal,FC Barcelona,0,0,0,0,0,0
Liverpool FC_vs_FC Barcelona,6022,Roony Bardghji,FC Barcelona,19,0,0,0,0,1
Liverpool FC_vs_FC Barcelona,6023,Ferran Torres,FC Barcelona,9,0,0,0,0,1
Liverpool FC_vs_FC Barcelona,6024,Robert Lewandowski,FC Barcelona,0,0,0,0,0,0
